AUROC,AUPRC,Accuracy,F1,Precision,Recall,Sensitivity,Specificity,TP,FP,TN,FN,model,best_params,cv_auc_mean,feature_set,fold,split
0.7907485875706215,0.9182067670254505,0.8108108108108109,0.8823529411764706,0.875,0.8898305084745762,0.8898305084745762,0.5,210,30,30,26,logreg,{'C': 10.0},0.8335848082476757,morgan,0,scaffold
0.8566427546628407,0.9301866493834277,0.7724137931034483,0.835,0.8564102564102564,0.8146341463414634,0.8146341463414634,0.6705882352941176,167,28,57,38,logreg,{'C': 10.0},0.8002362436228715,morgan,1,scaffold
0.8424146649810367,0.9297468229118204,0.8378378378378378,0.8928571428571429,0.9009009009009008,0.8849557522123894,0.8849557522123894,0.6857142857142857,200,22,48,26,logreg,{'C': 10.0},0.8176264863048592,morgan,2,scaffold
0.8349454365079365,0.924062810527728,0.8221343873517787,0.8825065274151436,0.8711340206185567,0.8941798941798942,0.8941798941798942,0.609375,169,25,39,20,logreg,{'C': 10.0},0.8331315024279716,morgan,3,scaffold
0.8323655789106955,0.9183596724317108,0.797979797979798,0.8636363636363636,0.8558558558558559,0.8715596330275229,0.8715596330275229,0.5949367088607594,190,32,47,28,logreg,{'C': 10.0},0.8170915392746876,morgan,4,scaffold
0.8814971751412429,0.9642721441910774,0.8648648648648649,0.9190283400809716,0.8798449612403101,0.961864406779661,0.961864406779661,0.4833333333333333,227,31,29,9,rf,"{'max_depth': None, 'min_samples_leaf': 1, 'n_estimators': 300}",0.8583101225651465,morgan,0,scaffold
0.9298995695839312,0.9578001035079128,0.9,0.9314420803782506,0.9036697247706422,0.9609756097560976,0.9609756097560976,0.7529411764705882,197,21,64,8,rf,"{'max_depth': None, 'min_samples_leaf': 1, 'n_estimators': 300}",0.8459642117022609,morgan,1,scaffold
0.9285082174462704,0.965152105027472,0.8885135135135135,0.9287257019438444,0.9071729957805909,0.9513274336283186,0.9513274336283186,0.6857142857142857,215,22,48,11,rf,"{'max_depth': 30, 'min_samples_leaf': 1, 'n_estimators': 300}",0.8473316857975915,morgan,2,scaffold
0.8855406746031746,0.9473224090582516,0.8379446640316206,0.8982630272952854,0.8457943925233645,0.9576719576719576,0.9576719576719576,0.484375,181,33,31,8,rf,"{'max_depth': 30, 'min_samples_leaf': 1, 'n_estimators': 300}",0.8751172872665771,morgan,3,scaffold
0.8809952386482407,0.9471018589133718,0.8451178451178452,0.8991228070175439,0.8613445378151261,0.9403669724770642,0.9403669724770642,0.5822784810126582,205,33,46,13,rf,"{'max_depth': None, 'min_samples_leaf': 1, 'n_estimators': 300}",0.8461519480610612,morgan,4,scaffold
0.8360875706214689,0.9437509404686416,0.8513513513513513,0.9109311740890688,0.872093023255814,0.9533898305084746,0.9533898305084746,0.45,225,33,27,11,svm,"{'C': 1.0, 'gamma': 'scale'}",0.8573816374544357,morgan,0,scaffold
0.9186800573888092,0.955494890041413,0.8758620689655172,0.9154929577464788,0.8823529411764706,0.951219512195122,0.951219512195122,0.6941176470588235,195,26,59,10,svm,"{'C': 1.0, 'gamma': 'scale'}",0.8339925103248748,morgan,1,scaffold
0.895227560050569,0.955109638791213,0.8547297297297297,0.9067245119305856,0.8893617021276595,0.9247787610619468,0.9247787610619468,0.6285714285714286,209,26,44,17,svm,"{'C': 1.0, 'gamma': 'scale'}",0.8396785787836416,morgan,2,scaffold
0.855282738095238,0.9335584182558028,0.841897233201581,0.898989898989899,0.8599033816425121,0.9417989417989416,0.9417989417989416,0.546875,178,29,35,11,svm,"{'C': 1.0, 'gamma': 'scale'}",0.856505107881623,morgan,3,scaffold
0.8721402856811057,0.9329768760251989,0.8451178451178452,0.9004329004329005,0.8524590163934426,0.9541284403669724,0.9541284403669724,0.5443037974683544,208,36,43,10,svm,"{'C': 1.0, 'gamma': 'scale'}",0.841473404311182,morgan,4,scaffold
0.8984463276836158,0.9551817010119718,0.875,0.9217758985200846,0.919831223628692,0.923728813559322,0.923728813559322,0.6833333333333333,218,19,41,18,logreg,{'C': 0.1},0.8225071523481842,descriptors,0,scaffold
0.9023816355810618,0.9455829564905004,0.8551724137931035,0.8939393939393939,0.9267015706806284,0.8634146341463415,0.8634146341463415,0.8352941176470589,177,14,71,28,logreg,{'C': 0.1},0.8089875181283451,descriptors,1,scaffold
0.9285714285714286,0.9672281534665922,0.8547297297297297,0.9016018306636157,0.933649289099526,0.8716814159292036,0.8716814159292036,0.8,197,14,56,29,logreg,{'C': 0.1},0.8380995675218678,descriptors,2,scaffold
0.88682208994709,0.9405836846858662,0.8458498023715415,0.894878706199461,0.912087912087912,0.8783068783068783,0.8783068783068783,0.75,166,16,48,23,logreg,{'C': 0.1},0.8264567345799781,descriptors,3,scaffold
0.8499012890488908,0.913831801490932,0.835016835016835,0.8857808857808858,0.9004739336492891,0.8715596330275229,0.8715596330275229,0.7341772151898734,190,21,58,28,logreg,{'C': 0.1},0.8141358972835416,descriptors,4,scaffold
0.9031779661016948,0.9727862206936204,0.8614864864864865,0.9147609147609148,0.8979591836734694,0.9322033898305084,0.9322033898305084,0.5833333333333334,220,25,35,16,rf,"{'max_depth': None, 'min_samples_leaf': 3, 'n_estimators': 300}",0.8855268556147191,descriptors,0,scaffold
0.9362984218077474,0.9574740972533808,0.8758620689655172,0.9113300492610836,0.9203980099502488,0.902439024390244,0.902439024390244,0.8117647058823529,185,16,69,20,rf,"{'max_depth': None, 'min_samples_leaf': 1, 'n_estimators': 300}",0.8753514322312773,descriptors,1,scaffold
0.9428571428571428,0.9791415414346226,0.8783783783783784,0.9203539823008848,0.9203539823008848,0.9203539823008848,0.9203539823008848,0.7428571428571429,208,18,52,18,rf,"{'max_depth': None, 'min_samples_leaf': 1, 'n_estimators': 300}",0.8817021428803694,descriptors,2,scaffold
0.9193535052910052,0.969243967542705,0.857707509881423,0.9072164948453608,0.8844221105527639,0.9312169312169312,0.9312169312169312,0.640625,176,23,41,13,rf,"{'max_depth': None, 'min_samples_leaf': 1, 'n_estimators': 300}",0.896793472078885,descriptors,3,scaffold
0.8927244222506097,0.9497404671265798,0.8484848484848485,0.9002217294900222,0.871244635193133,0.9311926605504588,0.9311926605504588,0.620253164556962,203,30,49,15,rf,"{'max_depth': None, 'min_samples_leaf': 1, 'n_estimators': 300}",0.8771410900045757,descriptors,4,scaffold
0.9277542372881356,0.9796782705872228,0.8817567567567568,0.9281314168377824,0.900398406374502,0.9576271186440678,0.9576271186440678,0.5833333333333334,226,25,35,10,svm,"{'C': 1.0, 'gamma': 'scale'}",0.8584776161562174,descriptors,0,scaffold
0.9229268292682926,0.9552468157944224,0.8758620689655172,0.9134615384615384,0.9004739336492891,0.926829268292683,0.926829268292683,0.7529411764705882,190,21,64,15,svm,"{'C': 1.0, 'gamma': 'scale'}",0.8618569038627178,descriptors,1,scaffold
0.943457648546144,0.9806432632529132,0.8952702702702703,0.9312638580931264,0.9333333333333332,0.9292035398230089,0.9292035398230089,0.7857142857142857,210,15,55,16,svm,"{'C': 1.0, 'gamma': 'scale'}",0.8658079103393708,descriptors,2,scaffold
0.914186507936508,0.9624946222946348,0.8774703557312253,0.9207161125319692,0.8910891089108911,0.9523809523809524,0.9523809523809524,0.65625,180,22,42,9,svm,"{'C': 1.0, 'gamma': 'scale'}",0.8790266859462182,descriptors,3,scaffold
0.8848565787945651,0.9542034669409656,0.8383838383838383,0.8909090909090909,0.8828828828828829,0.8990825688073395,0.8990825688073395,0.6708860759493671,196,26,53,22,svm,"{'C': 1.0, 'gamma': 'scale'}",0.8662341627677485,descriptors,4,scaffold
0.8136299435028249,0.9282472980696715,0.8209459459459459,0.8888888888888888,0.8796680497925311,0.8983050847457628,0.8983050847457628,0.5166666666666667,212,29,31,24,logreg,{'C': 10.0},0.854194745414908,combined,0,scaffold
0.881664275466284,0.9419789657200092,0.7896551724137931,0.8471177944862155,0.8711340206185567,0.824390243902439,0.824390243902439,0.7058823529411765,169,25,60,36,logreg,{'C': 10.0},0.8055016306308297,combined,1,scaffold
0.8722503160556258,0.9465063254607752,0.8547297297297297,0.906318082788671,0.8927038626609443,0.9203539823008848,0.9203539823008848,0.6428571428571429,208,25,45,18,logreg,{'C': 0.1},0.8357391690783555,combined,2,scaffold
0.8526785714285714,0.9345330698204172,0.8260869565217391,0.8829787234042553,0.8877005347593583,0.8783068783068783,0.8783068783068783,0.671875,166,21,43,23,logreg,{'C': 10.0},0.8523950464150275,combined,3,scaffold
0.8493206363953084,0.9266723587841552,0.8047138047138047,0.867579908675799,0.8636363636363636,0.8715596330275229,0.8715596330275229,0.620253164556962,190,30,49,28,logreg,{'C': 10.0},0.8357241167066211,combined,4,scaffold
0.9013771186440678,0.972112136849688,0.8783783783783784,0.926530612244898,0.8937007874015748,0.961864406779661,0.961864406779661,0.55,227,27,33,9,rf,"{'max_depth': 30, 'min_samples_leaf': 1, 'n_estimators': 300}",0.8924746412296659,combined,0,scaffold
0.946341463414634,0.9686378147243406,0.903448275862069,0.9330143540669856,0.9154929577464788,0.951219512195122,0.951219512195122,0.788235294117647,195,18,67,10,rf,"{'max_depth': None, 'min_samples_leaf': 1, 'n_estimators': 300}",0.8761844848973402,combined,1,scaffold
0.943078381795196,0.9779336549663298,0.8783783783783784,0.920704845814978,0.9166666666666666,0.9247787610619468,0.9247787610619468,0.7285714285714285,209,19,51,17,rf,"{'max_depth': 30, 'min_samples_leaf': 1, 'n_estimators': 300}",0.8845330645248701,combined,2,scaffold
0.921544312169312,0.9673821574255675,0.8656126482213439,0.9132653061224488,0.8817733990147784,0.9470899470899472,0.9470899470899472,0.625,179,24,40,10,rf,"{'max_depth': None, 'min_samples_leaf': 1, 'n_estimators': 300}",0.9019133881488536,combined,3,scaffold
0.8932179770061548,0.949645097608786,0.8484848484848485,0.9002217294900222,0.871244635193133,0.9311926605504588,0.9311926605504588,0.620253164556962,203,30,49,15,rf,"{'max_depth': 30, 'min_samples_leaf': 1, 'n_estimators': 300}",0.8751726056183715,combined,4,scaffold
