smiles,true_label,gnn_prob,gnn_pred,model_0_prob,model_1_prob,model_2_prob,model_3_prob,model_4_prob
OC(CCN1CCCC1)(C1:C:C:C:C:C:1)C1CCCCC1,1,0.9932142260000001,1,0.9931844,0.9891354,0.99427277,0.9900932,0.99938536
CCC1(C2:C:C:C:C:C:2)OCC(C2CCCCN2)O1,1,0.9971234259999999,1,0.99934083,0.9958782,0.9964191,0.9941606,0.9998184
CC[C@@]1(O)C[C@H](OC2CC(N(C)C)C(OC3CC(O)C(OC4CCC(=O)C(C)O4)C(C)O3)C(C)O2)C2:C(:C:C3:C(:C:2O)C(=O)C2:C(O):C:C:C:C:2C3=O)[C@H]1C(=O)OC,0,0.0503262688,0,0.041674245,0.075551316,0.081963405,0.04120699,0.011235388
CN1C(=O)CC2(CCN(CCCC(=O)C3:C:C:C(F):C:C:3)CC2)C1=O,1,0.9984590360000001,1,0.9989849,0.99713254,0.99679464,0.9994912,0.9998919
C=CCC1(C2C=CCCC2)C(=O)NC(=S)NC1=O,1,0.989714292,1,0.9888657,0.97941256,0.9931271,0.9880998,0.9990663
O=C1[C@H]2CCCC[C@H]2C(=O)N1CCCCN1CCN(C2:N:S:C3:C:C:C:C:C:2:3)CC1,1,0.995604614,1,0.9981006,0.99443,0.99755657,0.99659675,0.99133915
C1:C:S:C(CC2:C:C:C:C:C:2OCC2CNCCO2):C:1.O=C(O)/C=C\C(=O)O,1,0.6430477659999999,1,0.99935013,0.36535108,0.32516596,0.5267375,0.99863416
CNC1:C:C(OC):C(C(=O)N[C@@H]2CCN(CC3:C:C:C:C:C:3)[C@@H]2C):C:C:1Cl,1,0.5937458840000001,1,0.9749672,0.54806244,0.33134952,0.42911673,0.68523353
CC(COC1:C:C:C:C:C:1)N(CCCl)CC1:C:C:C:C:C:1,0,0.942691552,1,0.97537506,0.9619769,0.9535788,0.8235131,0.9990139
CCN1:C2:C(:C3:C:C:C:C:C:3:1)CCSC2(C)CCN(C)C,1,0.988557066,1,0.9955883,0.98507,0.97133464,0.99114835,0.99964404
NC1:C:C:C:C(N2:C:C:C:C:C:2=O):C:1,1,0.984215346,1,0.99248487,0.9891816,0.9811788,0.96110576,0.9971257
OC(C1:C:C:C:C:C:1)(C1:C:C:C:C:C:1)C1CCCCN1,1,0.971306158,1,0.98846173,0.98038816,0.9949992,0.8946563,0.9980254
CN(C)CCN1CCN(C2:C:C:C:C(Cl):C:2)C1=O,1,0.9885081079999999,1,0.9977264,0.989646,0.9748496,0.9805203,0.99979824
O=C1:C(O[C@@H]2O[C@H](CO)[C@@H](O)[C@H](O)[C@H]2O):C(C2:C:C:C(O):C(O):C:2):O:C2:C:C(O):C:C(O):C:1:2,0,0.08290486,0,0.09830983,0.064233355,0.0694181,0.056134645,0.12642837
CC1:N:C:C:N:1CC1CCC2:C(:C3:C:C:C:C:C:3:N:2C)C1=O,1,0.986903392,1,0.997785,0.9905737,0.98098516,0.9655127,0.9996604
S=P(N1CC1)(N1CC1)N1CC1,1,0.99669516,1,0.9994899,0.9934481,0.9927718,0.9978586,0.9999074
COC1:C:C([C@@H]2C3:C:C4:C(:C:C:3[C@@H](OC3OC5COC(C6:C:C:C:S:6)OC5C(O)C3O)[C@H]3COC(=O)[C@H]23)OCO4):C:C(OC):C:1O,1,0.08973266600000002,0,0.08178558,0.105978236,0.13781175,0.075044364,0.0480434
CO/N=C(\C(=O)N[C@@H]1C(=O)N2C(C(=O)O)=C(CSC3:N:C(=O):C(=O):[NH]:N:3C)CS[C@H]12)C1:C:S:C(N):N:1,1,0.033101331600000006,0,0.039256673,0.033845346,0.038958285,0.018700702,0.034745652
S=C(NC1CCCCC1)N1CCC(C2:C:[NH]:C:N:2)CC1,1,0.9318795400000001,1,0.9544258,0.872573,0.96869254,0.8897189,0.97398746
CC(C1:N:O:C2:C:C:C(Cl):C:C:1:2)N1:C:C:N:C:1,1,0.704184244,1,0.62862086,0.8479138,0.80735916,0.352666,0.8843614
OC[C@@H](O)[C@H]1OC2O[C@H](C(Cl)(Cl)Cl)O[C@@H]2[C@H]1O,1,0.7847796839999999,1,0.9795689,0.6373894,0.98208445,0.33506867,0.989787
C[C@H]1O[C@@H](O[C@H]2[C@@H](O)C[C@H](O[C@H]3[C@@H](O)C[C@H](O[C@H]4CC[C@]5(C)[C@H]6CC[C@]7(C)[C@H](C8=CC(=O)OC8)CC[C@]7(O)[C@@H]6CC[C@@H]5C4)O[C@@H]3C)O[C@@H]2C)C[C@H](O)[C@@H]1O,0,0.0561677114,0,0.074970126,0.08648081,0.033994507,0.059462797,0.025930317
C[C@H]1O[C@@H](O[C@H]2[C@@H](O)C[C@H](O[C@H]3[C@@H](O)C[C@H](O[C@H]4CC[C@]5(C)[C@H]6C[C@@H](O)[C@]7(C)[C@@H](C8=CC(=O)OC8)CC[C@]7(O)[C@@H]6CC[C@@H]5C4)O[C@@H]3C)O[C@@H]2C)C[C@H](O)[C@@H]1O,0,0.06413408140000001,0,0.070320606,0.10454183,0.050343443,0.06075443,0.034710098
C=C[C@@H]1CNCC[C@H]1CCCC1:C:C:N:C2:C:C:C(OC):C:C:1:2,1,0.785846078,1,0.94930935,0.9340203,0.71607006,0.93769485,0.39213583
C=CC1CNCCC1CCCC1:C:C:N:C2:C:C:C(OC):C:C:1:2,1,0.9793618500000001,1,0.9939639,0.9831413,0.94898295,0.9729662,0.9977549
C[C@@H](O)[C@H]1C(=O)N2C(C(=O)O)=C(SC3CCS(=O)C3)S[C@H]12,0,0.07112530339999999,0,0.066230275,0.08607112,0.09004118,0.036288332,0.07699561
O=C1:[NH]:C:C(F):C(=O):[NH]:1,0,0.9904710160000001,1,0.9984445,0.98695135,0.98978674,0.97779876,0.99937373
CCN1:N:C(C):C2:C:1C(C1:C:C:C:C:C:1)=NCC(=O)N2,1,0.992227192,1,0.99861073,0.9973111,0.9867404,0.97924083,0.9992329
O=C1CC[C@@]2(O)[C@H]3CC4:C:C:C(O):C5:C:4[C@@]2(CCN3CC2CC2)[C@H]1O5,1,0.9970290079999999,1,0.99922717,0.9954491,0.9931632,0.9975326,0.99977297
CC[C@H]1CC(=O)[C@@H]2OC3:C(OC):C:C:C4:C:3[C@@]23CCN(CC2CC2)C(C4)[C@H]13,1,0.9985189780000001,1,0.9995042,0.99887925,0.9951325,0.9991786,0.99990034
CN1CCN(C2=NC3:C:C:C:C:C:3OC3:C:C:C(Cl):C:C:32)CC1,1,0.9976549199999999,1,0.99934095,0.9982607,0.9961134,0.9946542,0.99990535
ClC1:C:C:C2:C(:C:1)C(N1CCNCC1)=NC1:C:C:C:C:C:1O2,1,0.996363618,1,0.99932945,0.99700874,0.9919464,0.9937629,0.9997706
CC(=O)N1CCN(C2:C:C:C(OC[C@H]3CO[C@](CN4:C:C:N:C:4)(C4:C:C:C(Cl):C:C:4Cl)O3):C:C:2)CC1,0,0.11862368380000002,0,0.069279544,0.2362529,0.13524882,0.116784625,0.03555253
O=C1CCC(C(=O)NC2CC2C2:C:C:C:C:C:2)N1,1,0.9846573599999999,1,0.99582666,0.9715513,0.9918956,0.9641253,0.99988794
O=C1OC(C2:C:C:C(O):C:C:2)(C2:C:C:C(O):C:C:2)C2:C:C:C:C:C:21,0,0.9889111780000001,1,0.99945825,0.9993562,0.9869695,0.95896524,0.9998067
CC1:C(N(C)C):C(=O):N(C2:C:C:C:C:C:2):N:1C,1,0.9987913860000001,1,0.99974567,0.998475,0.998871,0.99693966,0.9999256
CC1:C:C(=O):N(C2:C:C:C:C:C:2):N:1C,1,0.997452856,1,0.9989992,0.99750346,0.99630535,0.9947556,0.99970067
CC(C)(C)OC(=O)C1:N:C:N2:C:1[C@@H]1CCCN1C(=O)C1:C(Br):C:C:C:C:12,1,0.962157914,1,0.99862075,0.986495,0.96498555,0.86717993,0.99350834
COC1:C:C:C2:C(:C:1OC)C(=O)O[C@@H]2[C@H]1C2:C(:C:C3:C(:C:2OC)OCO3)CCN1C,1,0.84787248,1,0.91485727,0.9349225,0.82991093,0.6550376,0.9046341
COC(=O)[C@H]1[C@@H](O)CC[C@H]2CN3CCC4:C(:[NH]:C5:C:C:C:C:C:4:5)[C@@H]3C[C@@H]21,0,0.979056338,1,0.9976373,0.9791252,0.97618926,0.943098,0.99923193
COC(=O)C1C2CC3C4:[NH]:C5:C:C(OC):C:C:C:5:C:4CCN3CC2CC(OC)C1OC,1,0.9826183159999999,1,0.98751056,0.96554506,0.99208426,0.9682437,0.999708
C[C@]12C[C@H](O)[C@H]3[C@@H](C=C(Cl)C4=CC(=O)C=C[C@@]43C)[C@@H]1CC[C@]2(O)C(=O)CO,1,0.5434292719999999,1,0.7925711,0.81586564,0.5715736,0.37164217,0.16549385
CC12CC(=O)[C@H]3C(CC[C@H]4C[C@H](O)CCC43C)[C@@H]1CCC2C(=O)CO,1,0.9150704599999999,1,0.922049,0.8885348,0.8574463,0.9449901,0.9623321
CC(=O)[C@H]1CC[C@H]2[C@@H]3CC[C@H]4C[C@H](O)CC[C@]4(C)[C@H]3C(=O)C[C@]12C,1,0.956449554,1,0.99441767,0.9122421,0.88268924,0.99383533,0.99906343
CCC[C@@](C)(O)[C@H]1CC23C=CC1(OC)[C@H]1OC4:C(OC(C)=O):C:C:C5:C:4C12CCN(C)C3C5,1,0.999669492,1,0.9999747,0.9996557,0.99894196,0.9997837,0.9999914
C=CCN1CCC23C4:C5:C:C:C(O):C:4OC2C2(OC)C=CC3(CC2[C@](C)(O)CCC)C1C5,1,0.99899107,1,0.9999832,0.9985127,0.9972957,0.99917245,0.9999913
CCCC(C)(O)C1CC23C=CC1(OC)C1OC4:C(O):C:C:C5:C:4C12CCN(C)C3C5,1,0.9992149899999999,1,0.99998283,0.9985013,0.9982445,0.99935776,0.99998856
CN1CC[C@]23C4:C5:C:C:C(OC(=O)C6:C:C:C:N:C:6):C:4O[C@H]2[C@@H](OC(=O)C2:C:C:C:N:C:2)C=C[C@H]3[C@H]1C5,1,0.9985816199999998,1,0.9997141,0.9990013,0.9986319,0.9959502,0.9996106
CC1:C:C(N/C(O)=C2\C(=O)C3:C:C:C:C:C:3S(=O)(=O)N2C):N:O:1,0,0.131716905,0,0.11306208,0.17706695,0.15106387,0.11892616,0.098465465
COC1C=COC2(C)OC3:C(C):C(O):C4:C(:C:3C2=O)C(=O)C(=CNN2CCN(C)CC2)C(=C4O)NC(=O)C(C)=CC=CC(C)C(O)C(C)C(O)C(C)C(OC(C)=O)C1C,0,0.01527663308,0,0.0049924143,0.04292123,0.016126893,0.009485252,0.0028573761
ClC1:C:N:N(CCCCN2CCN(C3:N:C:C:C:N:3)CC2):C:1,1,0.9229148620000001,1,0.9800332,0.88911724,0.890152,0.88110244,0.97416943
CCC1:C:C:C:C:C:1N1:C(C):N:C2:C:C:C:C:C:2:C:1=O,1,0.9908683079999999,1,0.99549884,0.9921874,0.97748125,0.9900295,0.99914455
CC1:N:C2:C:C:C:C:C:2:C(=O):N:1C1:C:C:C:C:C:1Cl,1,0.995148564,1,0.9985868,0.99361837,0.99252045,0.9912402,0.999777
CC1:C:C:C:C:C:1N1:C(C):N:C2:C:C:C:C:C:2:C:1=O,1,0.9961408500000001,1,0.9983139,0.9953302,0.9949031,0.9924931,0.99966395
CO[C@@H]1O[C@H]2O[C@]3(CN4CCCCC4)[C@@H](O)C[C@@H]([C@H]13)[C@H]2C,1,0.9859548519999999,1,0.9920012,0.9848245,0.9797876,0.97684926,0.9963117
NS(=O)(=O)C1:C:C2:C(:C:C:1Cl)NC=NS2(=O)=O,0,0.495174804,0,0.29091656,0.5963389,0.7397842,0.31186306,0.5369713
CC1:C(O):C:C:C:C:1C(=O)N[C@@H](CSC1:C:C:C:C:C:1)[C@H](O)CN1C[C@H]2CCCC[C@H]2C[C@H]1C(=O)NC(C)(C)C,0,0.529434072,1,0.8126901,0.4196179,0.35971463,0.1637856,0.89136213
CC(CN1CCOCC1)C(C(=O)N1CCCC1)(C1:C:C:C:C:C:1)C1:C:C:C:C:C:1,1,0.997571872,1,0.9996973,0.99961,0.9930714,0.995538,0.99994266
CCOC(=O)N(CC1:C:C:C:C:C:1)C1CC1,1,0.9766111820000001,1,0.99516547,0.97448254,0.9684022,0.962631,0.9823747
CC1:C:C:C2:C(:C:1)C(N1CCN(C)CC1)=NC1:C:C:C:C:C:1S2,1,0.99818959,1,0.99955755,0.999316,0.9969894,0.9951668,0.9999182
OCCOCCN1CCN(C2=NC3:C:C:C:C:C:3SC3:C:C:C:C:C:32)CC1,1,0.997183478,1,0.997109,0.99874073,0.99591124,0.99502087,0.99913555
CN1CCN(C2=NC3:C:C:C:C:C:3SC3:C:C:C(Cl):C:C:32)CC1,1,0.9986241140000001,1,0.99961144,0.9991579,0.9972193,0.99720323,0.9999287
CCC(C(=O)OCCN1CCOC(C2:C:C:C:C:C:2)C1C)C1:C:C:C:C:C:1,1,0.94523876,1,0.9992723,0.92146546,0.9823726,0.82454544,0.998538
COC1:C:C:C:C(C(=O)NC2C[C@@H]3CC[C@H](C2)N3CC2:C:C:C:C:C:2):C:1OC,1,0.980350152,1,0.99923635,0.97590566,0.96099585,0.9678678,0.9977451
C=CC[C@@H]1/C=C(\C)C[C@H](C)C[C@H](OC)[C@H]2O[C@@](O)(C(=O)C(=O)N3CCCC[C@H]3C(=O)O[C@H](/C(C)=C/[C@@H]3CC[C@@H](O)[C@H](OC)C3)[C@H](C)[C@@H](O)CC1=O)[C@H](C)C[C@@H]2OC,0,0.18284488499999998,0,0.5021363,0.12859368,0.12909351,0.08616591,0.068235025
NC(=O)N1C2:C:C:C:C:C:2C=CC2:C:C:C:C:C:21,1,0.9985682859999999,1,0.9997348,0.9991999,0.99839693,0.9956066,0.9999032
CN(C)CCCN1C2:C:C:C:C:C:2C=CC2:C:C:C:C:C:21,1,0.998675488,1,0.9997776,0.99905735,0.99859184,0.9959888,0.99996185
O=C(CCCN1CCC(N2:C(=O):[NH]:C3:C:C:C:C:C:3:2)CC1)C1:C:C:C(F):C:C:1,1,0.982005384,1,0.9806481,0.9843238,0.97669995,0.98898137,0.9793737
O=C1NC(CCCl)OC2:C:C:C:C:C:21,1,0.991961678,1,0.9979662,0.9895139,0.9927377,0.97986674,0.99972385
CC1:C:N([C@H]2C[C@H](F)[C@@H](CO)O2):C(=O):[NH]:C:1=O,1,0.9805486840000001,1,0.999046,0.97547036,0.9788014,0.95026416,0.9991615
O=C1:[NH]:C(=O):N([C@H]2C[C@H](O)[C@@H](CO)O2):C:C:1F,0,0.942030062,1,0.9958097,0.9368365,0.9478183,0.83204997,0.99763584
O=C1:C:C:N(C2OC(CO)C(O)C2O):C(=O):[NH]:1,1,0.19008322400000002,0,0.20804654,0.21449597,0.2119128,0.16372006,0.15224075
CC1:C:N([C@H]2C[C@H](N=[N+]=[N-])[C@@H](CO)O2):C(=O):[NH]:C:1=O,0,0.961521426,1,0.9976972,0.9748971,0.96612763,0.875327,0.9935582
COC1:C:C:C(CC2:N:C:C:C3:C:C(OC):C(OC):C:C:2:3):C:C:1OC,0,0.39010478400000004,0,0.7798915,0.44619724,0.21552476,0.20337412,0.3055363
CO/N=C(/C(=O)N[C@@H]1C(=O)N2C(C(=O)O)=C(CSC3:N:C(C):C(CC(=O)O):S:3)CS[C@H]12)C1:C:S:C(N):N:1,0,0.0242526446,0,0.032180324,0.026020335,0.02778812,0.01256389,0.022710554
CC/C=C(\C(=O)N[C@@H]1C(=O)N2C(C(=O)O)=C(COC(N)=O)CS[C@H]12)C1:C:S:C(N):N:1,0,0.0490792806,0,0.050861716,0.049938258,0.055899292,0.028408367,0.06028877
NC1:N:C(/C(=C/CC(=O)O)C(=O)N[C@@H]2C(=O)N3C(C(=O)O)=CCS[C@H]23):C:S:1.O.O,0,0.0330420212,0,0.030556034,0.04349954,0.041378543,0.024956714,0.024819275
CC1(C)O[C@@H]2C[C@H]3[C@@H]4CCC5=CC(=O)C=C[C@]5(C)[C@@]4(F)[C@@H](O)C[C@]3(C)[C@]2(C(=O)COC(=O)C2:C:C3:C:C:C:C:C:3:O:2)O1,1,0.9994554599999999,1,0.9999938,0.9985191,0.9997173,0.9993687,0.9996784
O=C1CCNC2:C:C:C(Cl):C:C:2N1C1:C:C:C:C:C:1,1,0.993632386,1,0.99912053,0.9961904,0.9933042,0.9799217,0.9996251
CCOC(=O)N1CCC(=O)N(C2:C:C:C:C:C:2)C2:C:C(Cl):C:C:C:21,1,0.9976908120000001,1,0.99961853,0.9981926,0.99782157,0.9929091,0.99991226
CN1C(=O)NC(=O)C(C)(C2=CCCCC2)C1=O,1,0.989444958,1,0.9761223,0.9857964,0.99363226,0.99217427,0.99949956
CCC1(C2=CCCCC2)C(=O)NC(=O)NC1=O,1,0.986877406,1,0.99263203,0.9794382,0.9783201,0.9843741,0.9996226
C1:C:C2:C(:C(N3CCNCC3):C:1)OCCO2,1,0.993277556,1,0.99749595,0.9891065,0.98774403,0.9923516,0.9996897
OCCN1C=CN(CCCN2C3:C:C:C:C:C:3C=CC3:C:C:C:C:C:32)C=CC1,1,0.9924397220000001,1,0.9953571,0.99451125,0.9903048,0.98703396,0.9949915
CC12CCC(CC1=O)C2(C)C,1,0.9940354599999999,1,0.99842995,0.9897125,0.9899635,0.9926069,0.99946445
CCC(=O)N(C1:C:C:C:C:C:1)C1(COC)CCN(CCC2:C:C:C:S:2)CC1,1,0.992053232,1,0.9910386,0.9931573,0.9793753,0.99738806,0.9993069
CC(C)[C@@H](CN1CCCC1)N(C)C(=O)CC1:C:C:C(Cl):C(Cl):C:1,1,0.7354344859999999,1,0.85558003,0.5674728,0.947724,0.7276879,0.5787077
CC#C[C@]1(O)CC[C@H]2[C@@H]3CCC4=CC(=O)CCC4=C3[C@@H](C3:C:C:C(N(C)C):C:C:3)C[C@@]21C,0,0.12806165279999998,0,0.116186604,0.18893392,0.13016441,0.14714973,0.0578736
C1:C:C:C(CC2NCCC3:C2:[NH]:C2:C:C:C:C:C:3:2):C:C:1,1,0.982031016,1,0.99702793,0.98091435,0.9736396,0.9596843,0.9988889
CC12C[C@H](O)[C@@]3(F)C(CCC4=CC(=O)C=CC43C)[C@@H]1C[C@H]1O[C@@](C)(C3:C:C:C:C:C:3)O[C@]12C(=O)CO,1,0.98949976,1,0.9989587,0.98281765,0.98677605,0.9838252,0.9951212
CN(C)CCCN1:C:C(C2:C:C:C:C:C:2):C(C2:C:C:C:C:C:2):N:1,1,0.983453734,1,0.99437225,0.9931566,0.99006045,0.9402049,0.99947447
ClC1:C:C:C:C:C:1C1=NCC2:N:N:C(C3CCCCC3):N:2C2:S:C(Br):C:C:21,1,0.986837708,1,0.9989843,0.9967789,0.9931104,0.94562954,0.9996854
COC1:C:C(CC2:C:N:C(N):N:C:2N):C:C(OC):C:1OC,1,0.41320345999999997,0,0.536169,0.42887694,0.1890602,0.44754076,0.4643704
CC1(C)O[C@@H]2C[C@H]3C4CCC5CC(=O)CCC5(C)[C@@]4(F)[C@@H](O)CC3(C)[C@]2(C(=O)CO)O1,1,0.9962043939999999,1,0.9998654,0.98687255,0.99558216,0.9987387,0.99996316
CC/C(=C(/CC)C1:C:C:C(O):C:C:1)C1:C:C:C(O):C:C:1,0,0.63440609,1,0.73520035,0.9198469,0.29557618,0.26592332,0.9554837
COC1:C:C:C(C2:C:C(=O):C3:C(O):C:C(O[C@@H]4O[C@H](CO[C@@H]5O[C@@H](C)[C@H](O)[C@@H](O)[C@H]5O)[C@@H](O)[C@H](O)[C@H]4O):C:C:3:O:2):C:C:1O,0,0.1348879516,0,0.13597569,0.0594018,0.07425162,0.057414718,0.34739593
CN1CCN(C2=NC3:C:S:C:C:3/C(=C/C#N)C3:C:S:C:C:32)CC1,1,0.9613671499999998,1,0.9968135,0.89115864,0.99005055,0.93521726,0.9935958
CN1CCN2C3:C:C(F):C:C:C:3C(C3:C:C:C:S:3)=NCC2C1,1,0.9992965759999999,1,0.999912,0.9994987,0.99891603,0.9981962,0.99995995
C/C(=C(\CCOP(=O)(O)O)SC(=O)C1:C:C:C:C:C:1)N(C=O)CC1:C:N:C(C):N:C:1N,1,0.9735104160000001,1,0.99978596,0.92111814,0.98612404,0.9607077,0.99981624
O=C(NC1:C:C:C:C:C:1)OCC1(COC(=O)NC2:C:C:C:C:C:2)CCCC1,1,0.9957087,1,0.9946464,0.9948132,0.99856466,0.99071634,0.9998029
CN1C2:C:C:C:C:C:2C(C2:C:C:C:C:C:2F)=NCC1CNC(=O)C1:C:C:S:C:1,1,0.999267538,1,0.99996567,0.9993181,0.99953294,0.99754804,0.99997294
CCN1:C:C(C(=O)O):C(=O):C2:C:C(F):C(N3CCNCC3):N:C:2:1,0,0.22704984599999997,0,0.23179077,0.22367932,0.17667812,0.18379712,0.3193039
COC1:C:C:C:C:C:1N1CCN(CCCC(O)C2:C:C:C(F):C:C:2)CC1,1,0.9834560800000001,1,0.9738201,0.98454094,0.97381556,0.9871802,0.9979236
O=C1CC(C2:C:C:C:C(Br):C:2)C(=O)N1,1,0.99225644,1,0.9947909,0.9866939,0.9875208,0.9927169,0.9995597
CCC1C(=O)NC(=O)C1(C)C1:C:C:C:C:C:1,1,0.961591154,1,0.95508033,0.9750156,0.98397344,0.894285,0.9996014
CN1C(=O)CC(C2:C:C:C:C:C:2)C1=O,1,0.9985462420000001,1,0.99965394,0.997387,0.9985746,0.99721473,0.99990094
CN1C(=O)CC(C)(C2:C:C:C:C:C:2)C1=O,1,0.998110288,1,0.9995485,0.9980868,0.99830484,0.9946839,0.9999274
CNCC[C@@H](O)[C@@H]1C[C@H](SC2=C(C(=O)O)N3C(=O)[C@H]([C@@H](C)O)[C@H]3[C@H]2C)CN1,0,0.0364419428,0,0.02183239,0.06637898,0.04539639,0.027501876,0.021100078
C[C@H](O)C1C(=O)N2C(C(=O)O)=C(S[C@@H]3CN[C@H](C(=O)N(C)C)C3)[C@H](C)C12.O.O.O,0,0.026257327400000002,0,0.011673183,0.053735718,0.032267787,0.013503363,0.020106586
O=C1CCC2CCC(=O)N12,1,0.9829693039999998,1,0.9934709,0.9792189,0.97141325,0.98399657,0.9867469
O=C(CCCN1CC2CCC(CC2)C1)C1:C:C:C(F):C:C:1,1,0.998867694,1,0.999496,0.99724764,0.9982875,0.9993574,0.99994993
CC(=O)OCC(=O)[C@@]12OC(C)(C)O[C@@H]1C[C@H]1C3CC(C#N)=C4C=C(OCCCl)CCC4(C)[C@@]3(F)C(O)CC12C,1,0.999830622,1,0.99999833,0.9994848,0.9998839,0.99979264,0.99999344
CC(=O)OCC(=O)[C@@]12OC(C)(C)O[C@@H]1CC1C3CC(C=O)=C4C=C(OCCCl)CCC4(C)[C@@]3(F)C(O)CC12C,1,0.999958492,1,1.0,0.99988306,0.9999367,0.9999733,0.9999994
O=C(O)C1=C/C(=N\NC2:C:C:C(S(=O)(=O)NC3:C:C:C:C:N:3):C:C:2)C=CC1=O,0,0.155221166,0,0.10983457,0.17202026,0.22925687,0.14920256,0.11579157
CCCN1CC(NS(=O)(=O)N(CC)CC)CC2CC3:C(O):C:C:C:C:3CC21,1,0.98852969,1,0.999632,0.95967185,0.9949955,0.9883702,0.9999789
CN1CCC[C@H]1C1:C:C:C:N:C:1,1,0.985391212,1,0.995024,0.9797055,0.98397636,0.9729792,0.995271
CC(C)CC1NC(=O)C(CCCN)NC(=O)C(C(C)C)NC(=O)C2CCCN2C(=O)C(CC2:C:C:C:C:C:2)NC(=O)C(CC(C)C)NC(=O)C(CCCN)NC(=O)C(C(C)C)NC(=O)C2CCCN2C(=O)C(CC2:C:C:C:C:C:2)NC1=O,0,0.009530843439999999,0,0.0027597186,0.023198772,0.012656683,0.0071420423,0.0018970013
CCC[C@@H]1C[C@@H](C(=O)NC(C(C)Cl)[C@H]2O[C@H](SC)[C@H](O)[C@@H](O)[C@H]2O)N(C)C1,0,0.365003896,0,0.31707934,0.14863977,0.20939784,0.15608433,0.9938182
CCC[C@@H]1C[C@@H](C(=O)NC(C(C)Cl)[C@H]2O[C@H](SC)[C@H](OP(=O)(O)O)[C@@H](O)[C@H]2O)N(C)C1,0,0.33367486199999996,0,0.23382716,0.12938865,0.18645728,0.12811242,0.9905888
CCCC1CC(C(=O)NC(C(C)O)C2OC(SC)C(O)C(O)C2O)N(C)C1,0,0.10582140079999999,0,0.10505487,0.100679904,0.1147799,0.08086004,0.12773229
CCCCCC1CNC(C(=O)NC(C(C)Cl)C2OC(SC)C(O)C(O)C2O)C1,0,0.281499106,0,0.13120297,0.1323802,0.18249942,0.11038544,0.8510275
O=C1:[NH]:C2:C:C(Cl):C:C:C:2:N:1C1CCN(CC2COC3:C:C:C:C:C:3O2)CC1,1,0.969812866,1,0.9825401,0.9844052,0.98648816,0.9076688,0.98796207
O=C(O)CCC1:N:C(C2:C:C:C:C:C:2):C(C2:C:C:C:C:C:2):O:1,0,0.9316656779999999,1,0.95862967,0.96783596,0.95071596,0.8035545,0.9775923
COC1:C:C:C(CN2:C(C):C(CCN):C3:C:C(O):C:C:C:3:2):C:C:1,1,0.186042372,0,0.169417,0.25617176,0.1606629,0.18996689,0.15399331
O=C1NCN(C2:C:C:C:C:C:2)C12CCN(CC1COC3:C:C:C:C:C:3O1)CC2,1,0.99840222,1,0.9995772,0.9980556,0.9982175,0.9962929,0.9998679
C/C(=C1/CCOC(=O)S1)N(C=O)CC1:C:N:C(C):N:C:1N,1,0.983495288,1,0.9993038,0.9675354,0.9688861,0.9833107,0.99844044
CC(=O)C1=C(O)[C@@]2(O)C(=O)C3:C(:C(C):C4:C:C:C(C):C(O):C:4:C:3O)C[C@H]2[C@@H](N)C1=O,0,0.27483904200000003,0,0.11677864,0.1009076,0.11475534,0.06792863,0.973825
CC(CC1:C:C:C(O):C:C:1)NCC(O)C1:C:C(O):C:C(O):C:1,0,0.09449036000000001,0,0.05404753,0.15555032,0.10669035,0.11765332,0.03851028
NC1:N:C(=O):C2:N:C(CNC3:C:C:C(C(=O)N[C@@H](CCC(=O)O)C(=O)O):C:C:3):C:N:C:2:[NH]:1,1,0.08490981319999999,0,0.07487967,0.13378106,0.08348224,0.08901498,0.043391116
CCCCCCCCCC(=O)N[C@H]1[C@H](OC2:C3:C:C4:C:C:2OC2:C:C:C(:C:C:2Cl)[C@@H](O[C@@H]2O[C@H](CO)[C@@H](O)[C@H](O)[C@H]2NC(C)=O)[C@@H]2NC(=O)[C@H](NC(=O)[C@@H]4NC(=O)[C@H]4NC(=O)[C@@H](CC5:C:C:C(:C(Cl):C:5)O3)NC(=O)[C@H](N)C3:C:C:C(O):C(:C:3)OC3:C:C(O):C:C4:C:3)C3:C:C:C(O):C(:C:3)C3:C(O[C@H]4O[C@H](CO)[C@@H](O)[C@H](O)[C@@H]4O):C:C(O):C:C:3[C@H](C(=O)O)NC2=O)O[C@H](CO)[C@@H](O)[C@@H]1O,0,0.00011210599979999996,0,0.000115264396,0.00019323565,0.00019019903,1.6036633e-05,4.579429e-05
CCN(CCO)CCN1:C(CC2:C:C:C:C:C:2):N:C2:C:1:C(=O):N(C):C(=O):N:2C,1,0.9785022379999999,1,0.99872524,0.9226805,0.98258024,0.98870265,0.99982256
CN1C(=O)CC(=O)N(C2:C:C:C:C:C:2)C2:C:C(Cl):C:C:C:21,1,0.997956802,1,0.9999052,0.99917173,0.99884343,0.9919012,0.99996245
O=C1CC(=O)N(C2:C:C:C:C:C:2)C2:C:C(Cl):C:C:C:2N1,1,0.9902537820000001,1,0.9994691,0.99668485,0.9921366,0.9635849,0.99939346
CN1C(=O)CC(=O)N(C2:C:C:C:C:C:2)C2:C:C(C(F)(F)F):C:C:C:21,1,0.9996852259999999,1,0.99998856,0.9997199,0.99979323,0.9989273,0.99999714
CCCCCN[C@@]12C=CC(=O)[C@@H]3OC4:C(O):C:C:C5:C:4[C@@]31CCN(C)[C@@H]2C5,1,0.991942578,1,0.99838114,0.9916781,0.9743279,0.99580365,0.9995221
CCN1CC(CCN2CCOCC2)C(C2:C:C:C:C:C:2)(C2:C:C:C:C:C:2)C1=O,1,0.99976687,1,0.99994683,0.999843,0.99960047,0.99944705,0.999997
O=C1NC2:C:C:C(Cl):N:C:2C(C2:C:C:C:C:C:2Cl)=NC1O,1,0.7535532380000001,1,0.7901037,0.92726874,0.603537,0.5415727,0.90528405
CCN1CCC(=C(C2:C:C:C:C:C:2)C2:C:C:C:C:C:2)C1.[Cl-].[H+],1,0.9998138560000001,1,0.9999598,0.99979013,0.9996252,0.9997019,0.99999225
CN1CCN(C2:N:C:C(C3:C:C(Cl):C:C(Cl):C:3Cl):C(N):N:2)CC1,1,0.85102159,1,0.97585595,0.886039,0.7842783,0.61628157,0.99265313
COC(=O)C1=C(C)NC(C)=C(C(=O)OCCN(C)CC2:C:C:C:C:C:2)C1C1:C:C:C:C([N+](=O)[O-]):C:1,0,0.0731266852,0,0.0455459,0.12246437,0.11834962,0.062020406,0.01725313
CN1CCN2C3:C:C:C:C:C:3CN3:C:C:C:C:3C2C1.O=C(O)/C=C\C(=O)O,1,0.977842364,1,0.99998295,0.9493127,0.95887077,0.9811242,0.9999212
O=C1CC[C@H]2[C@H]3CC4:C:C:C:C(O):C:4[C@@]2(CCN3CC2CC2)C1,1,0.9927395600000001,1,0.9980475,0.9857761,0.9865237,0.99444675,0.99890375
CCNC1C2CCC(C2)C1C1:C:C:C:C:C:1,1,0.9975009719999999,1,0.9994229,0.9939898,0.99741226,0.9967265,0.9999534
CC(CN(C)C)CN1C2:C:C:C:C:C:2CCC2:C:C:C:C:C:21,1,0.992184752,1,0.99681634,0.99676466,0.99653876,0.97172,0.999084
NCCCN1C2:C:C:C:C:C:2CCC2:C:C:C:C:C:21,1,0.991516824,1,0.9960282,0.99241805,0.9871858,0.98276824,0.99918383
CN(C)CCCN1C2:C:C:C:C:C:2CCC2:C:C:C(Cl):C:C:21,1,0.9933683140000001,1,0.9984003,0.99304366,0.99640876,0.97922885,0.99976
CNCCCN1C2:C:C:C:C:C:2CCC2:C:C:C:C:C:21,1,0.99645384,1,0.9983432,0.9953376,0.9953447,0.9934476,0.9997961
CN(C)CCCN1C2:C:C:C:C:C:2CCC2:C:C:C:C:C:21,1,0.996958774,1,0.9988512,0.9968934,0.9974928,0.99165267,0.9999038
C[N+](C)([O-])CCCN1C2:C:C:C:C:C:2CCC2:C:C:C:C:C:21,1,0.995371038,1,0.9987998,0.9944299,0.99622583,0.98748916,0.9999105
CN(C)CCCN1C2:C:C:C:C:C:2CCC2:C:C:C(C#N):C:C:21,1,0.9746933560000001,1,0.9905144,0.97338337,0.99574995,0.9141271,0.99969196
CNC1CC2:C:C:C:C:C:2N(C)C2:C:C:C:C:C:21,1,0.99714638,1,0.9991548,0.9971534,0.9974076,0.9921302,0.9998859
O=C(CC1C2:C:C:C:C:C:2C(=O)N1C1:C:C:C2:C:C:C(Cl):N:C:2:N:1)N1CCC2(CC1)OCCO2,1,0.932843678,1,0.9704381,0.98898965,0.8960779,0.8524073,0.95630544
CC1:C:C:C:C:C:1N1CCN(CCCOC2:C:C:C:C:N:2)CC1,1,0.986426586,1,0.98650396,0.9907901,0.970633,0.9870322,0.99717367
COC1:C:C2:C(:C:C:1OC)[C@@H](C1:C:C:C:C:C:1)CN(C)CC2,1,0.9907887900000001,1,0.9980414,0.9864912,0.9887737,0.98148715,0.9991505
COC1:C:C:C:C(OC):C:1C(=O)N[C@@H]1C(=O)N2[C@@H](C(=O)O)C(C)(C)S[C@H]12,0,0.0387240056,0,0.039225314,0.045205876,0.04760616,0.023434738,0.03814794
ClC1:C:C:C:C:C:1C(C1:C:C:C:C:C:1)(C1:C:C:C:C:C:1)N1:C:C:N:C:1,0,0.99588701,1,0.9999584,0.9999839,0.99062705,0.9888832,0.9999825
CC1CN(C)CC2CC3:C(:C:C:C4:C:C:C:C:C:3:4)OC12O,1,0.9974572199999999,1,0.99955016,0.9965719,0.9960354,0.9952426,0.99988604
COC1:C:C:C(C#N):C:C:1C(=O)NCCN1CCC(C(=O)C2:C:C:C(F):C:C:2)CC1,1,0.978990098,1,0.99703753,0.9402782,0.98665226,0.9718246,0.9991579
C=CCONC1=NC2:C:C:C(Cl):C:C:2C(C2:C:C:C:C:C:2Cl)=NC1,1,0.993940254,1,0.999691,0.9968465,0.9920176,0.9817229,0.99942327
O=C1CCN=C2CC(C3:C:C:C:C:C:3)CN12,1,0.9959614780000001,1,0.99833953,0.99622846,0.995706,0.9898554,0.999678
CCCC[C@@H]1CC(=O)[C@]2(O)O[C@@H]3[C@@H](NC)[C@@H](O)[C@@H](NC)[C@H](O)[C@H]3O[C@@H]2O1,0,0.082811373,0,0.11169235,0.12821661,0.08487958,0.055961,0.033307325
CNC1CCC2:N:C:S:C:2C1,1,0.972719882,1,0.98117065,0.9685525,0.94874716,0.969475,0.9956541
CC1:C:C:C:C(C):C:1NC1=NCCCS1,1,0.9914081920000001,1,0.99808335,0.99253756,0.9836653,0.9838091,0.99894565
CC1:C:C(C):C(=O):[NH]:N:1,1,0.9855411259999999,1,0.9958615,0.9778822,0.9826225,0.9727647,0.99857473
CC(C)[N+](C)(CCOC(=O)C1C2:C:C:C:C:C:2OC2:C:C:C:C:C:21)C(C)C.[Br-],0,0.8499144059999999,1,0.99475646,0.9231521,0.99157953,0.34150064,0.9985833
CC[N+](C)(CC)CCOC(=O)C1C2:C:C:C:C:C:2OC2:C:C:C:C:C:21,0,0.88590426,1,0.9940309,0.97118664,0.9885606,0.47591126,0.9998319
CCC1(CC)C(=O)NC=C(C)C1=O,1,0.9877193300000002,1,0.99944085,0.9932933,0.9953885,0.9508371,0.9996369
CCC1(CC)C(=O)C=CNC1=O,1,0.995834648,1,0.99934536,0.99457574,0.99543947,0.98998964,0.99982303
CCCN(CCC)C1CC2:C:C:C:C3:C:C(O):C:C(:C:2:3)C1,1,0.9868722859999999,1,0.99777335,0.9744917,0.9762147,0.98885685,0.99702483
OC1(C2:C:C:C(Cl):C(C(F)(F)F):C:2)CCN(CCCC(C2:C:C:C(F):C:C:2)C2:C:C:C(F):C:C:2)CC1,1,0.998354294,1,0.99935323,0.99478537,0.99929214,0.99849296,0.99984777
O=C(CN1CCC23CCCCC2C1CC1:C:C:C(O):C:C:13)C1:C:C:C:C:C:1,1,0.996180122,1,0.9995838,0.99321896,0.99135405,0.9971648,0.999579
CC1:N:N:C(SCC2=C(C(=O)OCC3:O:C(=O):O:C:3C)N3C(=O)C(NC(=O)C(OC(=O)C(C)N)C4:C:C:C:C:C:4)C3SC2):S:1,0,0.0398388854,0,0.03218171,0.05181362,0.05592621,0.03162756,0.027645327
CCOC1:C:C:C2:C:C:C:C:C:2:C:1C(=O)N[C@@H]1C(=O)N2[C@@H](C(=O)[O-])C(C)(C)S[C@H]12.[Na+],0,0.034303142800000005,0,0.030749582,0.050397314,0.03981474,0.026434556,0.024119522
CN1CC[C@@]2(C)C3:C:C(OC(=O)N4CCC5:C:C:C:C:C:5C4):C:C:C:3N(C)[C@@H]12,1,0.995232748,1,0.9962231,0.9956787,0.993662,0.9914136,0.99918634
O=C1:[NH]:C2:C:C:C:C:C:2:C(=O):N:1CCCN1CCN(C2:C:C:C:C(Cl):C:2)CC1,1,0.976440768,1,0.99370754,0.9835813,0.9852107,0.9247234,0.9949809
CN[C@@H]1C[C@@H](C2:C:C:C(Cl):C(Cl):C:2)C2:C:C:C:C:C:21.[Cl-].[H+],1,0.997150246,1,0.99979776,0.9964966,0.9969459,0.9925788,0.99993217
CC1:C:C(C2:C:C:C:C:C:2):N:N:C:1NCCN1CCOCC1,1,0.979288132,1,0.9904018,0.97797376,0.9680522,0.9625086,0.9975043
N#CC1:C:C(C2:C:C:C:C:C:2):N:N:C:1NCCN1CCOCC1,1,0.864993932,1,0.8977606,0.78233325,0.9620025,0.74574316,0.93713015
S=C(NC1CCCCC1)N1CCC(C2:C:N:C:[NH]:2)CC1,1,0.929492686,1,0.93158746,0.89287883,0.97536737,0.8655083,0.98212147
CNCCCC12CCC(C3:C:C:C:C:C:31)C1:C:C:C:C:C:12,1,0.99933519,1,0.999889,0.9992083,0.9985189,0.9990638,0.99999595
CNCC12CCC(C3:C:C:C:C:C:31)C1:C:C:C:C:C:12,1,0.999396288,1,0.999913,0.9993505,0.99887294,0.9988481,0.9999969
CNC[C@H](O)CC12CCC(C3:C:C:C:C:C:31)C1:C:C:C:C:C:12,1,0.9947294680000001,1,0.99802774,0.9955057,0.9857714,0.9944349,0.9999076
CNCCCN1C2:C:C:C:C:C:2SC2:C:C:C(Cl):C:C:21,1,0.99782175,1,0.99947935,0.9978909,0.9974382,0.9944429,0.9998574
NCCCN1C2:C:C:C:C:C:2SC2:C:C:C(Cl):C:C:21,1,0.9951579199999999,1,0.9987961,0.99646676,0.9937034,0.9873065,0.99951684
CN(C)CCCN1C2:C:C:C:C:C:2SC2:C:C:C:C:C:21,1,0.999018736,1,0.99971217,0.99916005,0.9990779,0.99716276,0.9999808
CC(CN1C2:C:C:C:C:C:2SC2:C:C:C:C:C:21)N(C)C,1,0.9980005500000001,1,0.9995453,0.9985618,0.99840975,0.9935033,0.9999826
CCC(=O)C1:C:C:C2:C(:C:1)N(CC(C)N(C)C)C1:C:C:C:C:C:1S2,1,0.993353116,1,0.9981831,0.9970482,0.98802024,0.9835591,0.99995494
CN(C)CCCN1C2:C:C:C:C:C:2SC2:C:C:C(C(F)(F)F):C:C:21,1,0.9996428399999999,1,0.9999871,0.9994591,0.9997516,0.9990183,0.9999981
CC(=O)C1:C:C:C2:C(:C:1)N(CCCN(C)C)C1:C:C:C:C:C:1S2,1,0.9989090300000001,1,0.99977607,0.999225,0.99902844,0.99653494,0.9999807
CN(C)CCCN1C2:C:C:C:C:C:2SC2:C:C:C(Cl):C:C:21,1,0.9980913059999998,1,0.99962497,0.99849486,0.9986218,0.9937663,0.9999486
CCC1:C:C:C2:C(:C:1)N(CC(C)CN(C)C)C1:C:C:C:C:C:1S2,1,0.990247758,1,0.996247,0.9983537,0.9912402,0.96658784,0.99881005
COC1:C:C:C2:C(:C:1)N(CCCN(C)C)C1:C:C:C:C:C:1S2,1,0.99625132,1,0.9990121,0.998285,0.9967759,0.9872644,0.9999192
COC1:C:C:C2:C(:C:1)N(C[C@H](C)CN(C)C)C1:C:C:C:C:C:1S2,1,0.9932632680000001,1,0.9974361,0.9975502,0.9942286,0.97749704,0.9996044
CNCCCN1C2:C:C:C:C:C:2SC2:C:C:C:C:C:21,1,0.9988117580000001,1,0.99958724,0.99884784,0.99836344,0.9973157,0.99994457
CN(C)CC(=O)N1C2:C:C:C:C:C:2SC2:C:C:C:C:C:21,1,0.9987317000000001,1,0.9999064,0.99967504,0.9993624,0.99472636,0.9999883
CCN(CC)CCC(=O)N1C2:C:C:C:C:C:2SC2:C:C:C(C(F)(F)F):C:C:21,1,0.999729368,1,0.9999877,0.9997731,0.99984634,0.9990416,0.9999981
CC(=O)C1:C:C:C2:C(:C:1)N(CC(C)N(C)C)C1:C:C:C:C:C:1S2,1,0.99705706,1,0.9996038,0.99856985,0.99772495,0.9894035,0.9999832
CC(CN(C)C)CN1C2:C:C:C:C:C:2SC2:C:C:C:C:C:21,1,0.9973586219999999,1,0.99916744,0.9992692,0.99884987,0.9896493,0.9998573
CN(C)CC(CN1C2:C:C:C:C:C:2SC2:C:C:C:C:C:21)N(C)C,1,0.99841663,1,0.9996809,0.9992723,0.9987676,0.99439275,0.9999696
CC(CN(C)C)CN1C2:C:C:C:C:C:2SC2:C:C:C(C#N):C:C:21,1,0.9767353120000001,1,0.99458426,0.99202627,0.99799347,0.8993893,0.99968326
CCN(CC)CCN1C2:C:C:C:C:C:2SC2:C:C:C:C:C:21,1,0.9988321640000001,1,0.99967015,0.99927944,0.9990947,0.99614763,0.9999689
CCN(CC)C(C)CN1C2:C:C:C:C:C:2SC2:C:C:C:C:C:21,1,0.9967779960000002,1,0.9993469,0.99930024,0.99921775,0.98608136,0.99994373
CSC1:C:C:C2:C(:C:1)N(CC(C)CN(C)C)C1:C:C:C:C:C:1S2,1,0.99510033,1,0.9981958,0.99933225,0.9975903,0.9806543,0.999729
CC(CN(C)C)CN1C2:C:C:C:C:C:2SC2:C:C:C(C(F)(F)F):C:C:21,1,0.999166048,1,0.9999424,0.9995116,0.99968064,0.9967168,0.9999788
Cl/C(=C\N1:C:N:C:N:1)C1:C:C:C(Cl):C:C:1Cl,1,0.495203928,0,0.64831287,0.75056714,0.6353787,0.23595211,0.20580882
CC12CCCCCC(CC3:C:C:C(O):C:C:31)C2N,1,0.9952950279999999,1,0.9989793,0.9927939,0.99500054,0.9898885,0.9998129
CO/N=C(\C(=O)N[C@@H]1C(=O)N2C(C(=O)O)=C(CN3:N:N:C(C):N:3)CS[C@H]12)C1:C:S:C(N):N:1,0,0.030962520799999997,0,0.039144345,0.03405613,0.0338493,0.019589879,0.02817295
O=C(CN1:C:C:N:C:1)C1:C:C:C2:C:C:C:C:C:2:C:1,1,0.781297786,1,0.93219763,0.88894504,0.8245568,0.39093846,0.869851
OC(C1:C:C(C(F)(F)F):N:C2:C(C(F)(F)F):C:C:C:C:1:2)C1CCCCN1,1,0.9093196640000001,1,0.99942195,0.7983143,0.9890297,0.75989187,0.9999405
O=C1CCC2(CCC(=O)C3:C:C:C:C:C:32)C(=O)N1,1,0.9951811280000001,1,0.99804926,0.99369884,0.991098,0.99316144,0.9998981
CN1CC[C@]23NC(=O)CC(C4:C:C(Cl):C:C:C:4O2)C3C1,1,0.9923502000000001,1,0.9975418,0.9896298,0.9883841,0.9866245,0.9995708
O=C(C1:C:C:C:C:C:1)C1:C:C:C2:N:1CCC2C(=O)O,0,0.9080821120000001,1,0.974145,0.89858896,0.9532289,0.8110981,0.9033496
COC1:C:C(N):C(Cl):C:C:1C(=O)NC1CCN(CCCOC2:C:C:C(F):C:C:2)CC1OC.O,1,0.975747482,1,0.9981483,0.95899487,0.96181464,0.9622549,0.9975247
CN(C)CCN1:N:N:N:C:1SCC1=C(C(=O)O)N2C(=O)[C@@H](NC(=O)CC3:C:S:C(N):N:3)[C@H]2SC1,0,0.034302837200000005,0,0.032080296,0.053437617,0.034148764,0.030090053,0.021757456
CCC1(C2:C:C:C:C:C:2)C(=O)NC(=O)N(C(=O)C2:C:C:C:C:C:2)C1=O,1,0.99859648,1,0.99972886,0.9994068,0.99735934,0.9964948,0.9999926
CN(C)CCC(C1:C:C:C:C:C:1)C1:C:C:C:C:N:1,0,0.9906710860000001,1,0.9972748,0.98974293,0.9859152,0.980607,0.9998155
CN(C)CCOC(C)(C1:C:C:C:C:C:1)C1:C:C:C:C:N:1,1,0.9591412800000001,1,0.9907128,0.9894875,0.8763108,0.9405716,0.9986237
CN(C)CCOC(C)(C1:C:C:C:C:C:1)C1:C:C:C:C:N:1.O=C(O)CCC(=O)O,1,0.7941047059999999,1,0.96976167,0.9311822,0.5881529,0.4973862,0.98404056
CC1OC2:C:C:C:C:C:2CC1N(C)C,1,0.9959326980000001,1,0.9993869,0.9970016,0.9965983,0.98700535,0.99967134
CC1:C(C):C2:C(:C(C):C:1O)CC[C@@](C)(CCC[C@H](C)CCC[C@H](C)CCCC(C)C)O2,1,0.6307854180000001,1,0.738147,0.3693709,0.25279284,0.80407435,0.989542
CC1:N:C:C:N:C:1N1CCCCC1,1,0.97346402,1,0.9796578,0.96431875,0.9731269,0.95497125,0.9952454
CCOC(=O)C1(C2:C:C:C:C:C:2)CCN(C)CC1,1,0.9966056719999999,1,0.9986082,0.99471694,0.99496067,0.994997,0.99974555
CCOC(=O)C1(C2:C:C:C:C:C:2)CCN(C)CC1.[Cl-].[H+],1,0.9991909799999998,1,0.9998016,0.9986141,0.99877185,0.99880385,0.9999635
CCC(=O)O[C@]1(C2:C:C:C:C:C:2)CCN(C)C[C@@H]1CC,1,0.990933594,1,0.98995066,0.9941269,0.97805667,0.99358314,0.9989506
CCC(=O)C1(C2:C:C:C:C(O):C:2)CCN(C)CC1,1,0.9946851139999999,1,0.9986625,0.9890646,0.99326307,0.99273384,0.99970156
CCC[C@]1(C2:C:C:C:C(O):C:2)CCN(C)C[C@@H]1C,1,0.961433536,1,0.9869932,0.9594582,0.93071884,0.93736744,0.99263
CCCCCCN1CCC(C(=O)N(C)CC)(C2:C:C:C:C:C:2)CC1,1,0.9987233480000001,1,0.99915123,0.99814045,0.9981256,0.9982388,0.99996066
CCC(=O)OC1(C2:C:C:C:C:C:2)CCN(C)CC1C,1,0.9980347439999999,1,0.99872476,0.9979595,0.9964709,0.9972754,0.99974316
CCOC(=O)C1(C2:C:C:C:C(O):C:2)CCN(C)CC1,1,0.9881698240000001,1,0.9955895,0.9800894,0.9832402,0.98368007,0.99824995
CC1:C:C2:C(:S:1)=NC1:C:C:C(F):C:C:1NC=2N1CCN(C)CC1,1,0.996685952,1,0.99906665,0.997012,0.99420977,0.9933611,0.99978024
CC1:C:C2:C(:S:1)=NC1:C:C:C:C:C:1NC=2N1CCN(C)CC1,1,0.995669912,1,0.9984713,0.99650073,0.9932238,0.99053746,0.99961627
CN1CCC2=C(CC1)C1:C:C:C:C:C:1OC1:C:C:C:C:C:12,1,0.9988840800000001,1,0.99957675,0.9989635,0.998616,0.99728525,0.9999789
O=C(CCCN1CC=C(N2:C(=O):[NH]:C3:C:C:C:C:C:3:2)CC1)C1:C:C:C(F):C:C:1,1,0.994125478,1,0.9905161,0.99478006,0.99399936,0.99471277,0.9966191
CN1CCN(CCCN2C3:C:C:C:C:C:3SC3:C:C:C(Cl):C:C:32)CC1,1,0.9992185279999999,1,0.999706,0.999137,0.99883014,0.9984425,0.999977
OCCN1CCN(CCCN2C3:C:C:C:C:C:3SC3:C:C:C(Cl):C:C:32)CC1,1,0.9972180460000001,1,0.9979633,0.99620867,0.9945081,0.9976521,0.99975806
CCSC1:C:C:C2:C(:C:1)N(CCCN1CCN(C)CC1)C1:C:C:C:C:C:1S2,1,0.999127552,1,0.9996493,0.99944836,0.9980254,0.9985384,0.9999763
CN1CCN(CCCN2C3:C:C:C:C:C:3SC3:C:C:C(C(F)(F)F):C:C:32)CC1,1,0.999840954,1,0.99998975,0.99968445,0.9997768,0.9997546,0.99999917
CC(=O)C1:C:C:C2:C(:C:1)N(CCCN1CCN(CCO)CC1)C1:C:C:C:C:C:1S2,1,0.9983152200000001,1,0.9987846,0.99804926,0.9961423,0.9986897,0.99991024
CCC(=O)C1:C:C:C2:C(:C:1)N(CCCN1CCN(CCO)CC1)C1:C:C:C:C:C:1S2,1,0.994665754,1,0.99511117,0.9962877,0.9840312,0.9981018,0.9997969
CC(CN1CCN(CCOCCO)CC1)CN1C2:C:C:C:C:C:2SC2:C:C:C:C:C:21,1,0.998531456,1,0.99817204,0.99884593,0.9978668,0.99789065,0.99988186
OCCN1CCN(CCCN2C3:C:C:C:C:C:3SC3:C:C:C(C(F)(F)F):C:C:32)CC1,1,0.99947224,1,0.9999317,0.9986638,0.9991449,0.99962974,0.99999106
CCCC(=O)C1:C:C:C2:C(:C:1)N(CCCN1CCN(C)CC1)C1:C:C:C:C:C:1S2,1,0.998929922,1,0.9995622,0.9992944,0.99749976,0.99831235,0.9999809
CCCCCCC(=O)OCCN1CCN(CCCN2C3:C:C:C:C:C:3SC3:C:C:C(C(F)(F)F):C:C:32)CC1,1,0.999893614,1,0.99999523,0.9997209,0.9998864,0.99986684,0.9999987
CC(=O)OCCN1CCN(CCCN2C3:C:C:C:C:C:3SC3:C:C:C(Cl):C:C:32)CC1,1,0.999432638,1,0.9998909,0.9991059,0.9992354,0.99899834,0.99993265
CN1CCN(CCCN2C3:C:C:C:C:C:3SC3:C:C:C(S(=O)(=O)N(C)C):C:C:32)CC1,1,0.998090034,1,0.9994672,0.99631447,0.9986021,0.99608094,0.99998546
C#C[C@]1(O)CC[C@H]2[C@H]3[C@H](CC[C@@]21C)C1=C(CC(=O)CC1)C[C@H]3C,1,0.2342470008,0,0.19474308,0.2439419,0.18954483,0.42371672,0.119288474
NC(C(=O)N[C@@H]1C(=O)N2C(C(=O)O)=C(CSC3:C:N:[NH]:N:3)CS[C@H]12)C1:C:C:C(O):C:C:1,0,0.021424220799999998,0,0.019891936,0.0309183,0.026073504,0.013100954,0.01713641
CCCCC1:O:C2:C:C:C:C:C:2:C:1C(=O)C1:C:C(I):C(OCCN(CC)CC):C(I):C:1,0,0.955495518,1,0.9927598,0.9865171,0.93533444,0.8649598,0.99790645
CN(C)CCCN1C2:C:C:C:C:C:2SC2:C:C:C:N:C:21,1,0.9982327999999999,1,0.9993204,0.99874204,0.9982223,0.99495006,0.9999292
CC(=O)OCC/C(SC(C)=O)=C(/C)N(C=O)CC1:C:N:C(C):N:C:1N,1,0.993993012,1,0.99994564,0.98350936,0.99674606,0.9911801,0.9985839
CCOC(=O)OCC/C(SC(=O)OCC)=C(\C)N(C=O)CC1:C:N:C(C):N:C:1N,1,0.9827596199999998,1,0.9999335,0.94205004,0.99341846,0.9794455,0.9989506
O=C(O)C1:C:N(C2CC2):C2:C:C(N3CCNCC3):C(F):C:C:2:C:1=O,0,0.240646818,0,0.45548925,0.22012837,0.23037267,0.19801787,0.09922593
C[C@H]1CN(C2:C(F):C(N):C3:C(=O):C(C(=O)O):C:N(C4CC4):C:3:C:2F)C[C@@H](C)N1,0,0.10596153319999999,0,0.087810315,0.17825562,0.11712698,0.11665307,0.029961681
CC1:C(F):C(N2CCNC(C)C2):C:C2:C:1:C(=O):C(C(=O)O):C:N:2C1CC1,0,0.17017315000000002,0,0.2388886,0.1956765,0.17103894,0.15088747,0.09437424
CCC1:N:N(CCCN2CCN(C3:C:C:C:C(Cl):C:3)CC2):C(=O):N:1CC,1,0.939197476,1,0.99032694,0.92756504,0.9537078,0.8251376,0.99925
C[C@@H]1O[C@@H]1P(=O)(O)O,1,0.611892318,1,0.947761,0.27182922,0.60016376,0.24427797,0.99542964
COC1:C:C:C:C:C:1N1CCN(CCCC(=O)C2:C:C:C(F):C:C:2)CC1,1,0.99701041,1,0.9978358,0.99579406,0.99379116,0.9977748,0.99985623
OC(CCCN1CCC2:C(:C3:C:C(F):C:C:C:3:N:2C2:C:C:C(F):C:C:2)C1)C1:C:C:C(F):C:C:1,1,0.9983222860000002,1,0.9994004,0.9979298,0.99622226,0.99812657,0.9999324
CC1COC2:C(N3CCN(C)CC3):C(F):C:C3:C(=O):C(C(=O)O):C:N1:C:2:3,1,0.17775050799999997,0,0.19385521,0.23253539,0.17131852,0.17657848,0.11446494
C[C@H]1COC2:C(N3CCN(C)CC3):C(F):C:C3:C(=O):C(C(=O)O):C:N1:C:2:3,1,0.157332898,0,0.14614587,0.2148679,0.1699092,0.17595564,0.07978588
O=C1CN(O)C(C2:C:C:C:C:C:2)=C2:C:C(Cl):C:C:C:2=N1,1,0.99493313,1,0.9995789,0.99758947,0.9924326,0.98529875,0.99976593
COC1:C:C:C2:C3:C:1O[C@H]1[C@@H](O)C=C[C@H]4[C@@H](C2)N(C)CC[C@]314,1,0.997887618,1,0.99911255,0.99780124,0.9944739,0.9982332,0.9998172
C=CCN1CC[C@]23C4:C5:C:C:C(O):C:4O[C@H]2[C@@H](O)C=C[C@H]3[C@H]1C5,1,0.99703152,1,0.999521,0.9961463,0.9927449,0.9969524,0.999793
CC(=O)OC1:C:C:C2:C3:C:1O[C@H]1[C@@H](OC(C)=O)C=C[C@H]4[C@@H](C2)N(C)CC[C@]314,1,0.999543592,1,0.99986446,0.99975127,0.99889153,0.9993672,0.9998435
CN1CC[C@]23C4:C5:C:C:C(O):C:4O[C@H]2C(O)C=C[C@H]3[C@H]1C5,1,0.992119672,1,0.998514,0.98736286,0.98023856,0.99478227,0.99970067
OC1:C:C:C2:C3:C:1OC1C(O)C=CC4C(C2)NCCC341,1,0.984616638,1,0.99931884,0.9639655,0.9647726,0.9951277,0.99989855
C=CCN1CCC23C4:C5:C:C:C(OC(C)=O):C:4OC2C(OC(C)=O)C=CC3C1C5,1,0.999818472,1,0.9999883,0.9997886,0.9995542,0.9997702,0.99999106
COC1:C:C:C2:C3:C:1OC1C(O)C=CC4C(C2)NCCC341,1,0.9960162819999999,1,0.99966395,0.9925372,0.9895036,0.99844223,0.99993443
CC(=O)O[C@H]1C(=O)[C@@]2(C)C([C@H](OC(=O)C3:C:C:C:C:C:3)[C@]3(O)C[C@H](OC(=O)[C@H](O)[C@@H](NC(=O)C4:C:C:C:C:C:4)C4:C:C:C:C:C:4)C(C)=C1C3(C)C)[C@]1(OC(C)=O)CO[C@@H]1C[C@@H]2O,0,0.046122006400000005,0,0.028661449,0.062103875,0.08959338,0.039087255,0.011164073
CC1(C)SC2C(N(C(=N)C3:C:C:N:C:C:3)[C@H](C(=O)NC(=O)CN)C3:C:C:C:C:C:3)C(=O)N2C1C(=O)O,0,0.015471998799999997,0,0.005324169,0.02960218,0.022888288,0.010444031,0.009101326
O=C1NC2:C:C:C(Cl):C:C:2C(C2:C:C:C:C:C:2)=NC1O,1,0.916379718,1,0.9120627,0.9711576,0.8986424,0.82147783,0.97855806
CN1C(=O)C(O)N=C(C2:C:C:C:C:C:2)C2:C:C(Cl):C:C:C:21,1,0.9760967220000001,1,0.9738269,0.98188466,0.98481375,0.9402853,0.999673
CN1C(=O)CN=C(C2:C:C:C:C:C:2F)C2:C:C([N+](=O)[O-]):C:C:C:21,1,0.9996995040000002,1,0.99994266,0.99964523,0.99960333,0.9993356,0.9999707
O=C1CN=C(C2:C:C:C:C:C:2Cl)C2:C:C([N+](=O)[O-]):C:C:C:2N1,1,0.9965373659999999,1,0.9993656,0.9975325,0.99602437,0.99232316,0.9974412
CN1C(=O)CN=C(C2:C:C:C:C:C:2)C2:C:C(Cl):C:C:C:21,1,0.999060604,1,0.99986863,0.9994289,0.99916935,0.99688584,0.9999503
CCN(CC)CCN1C(=O)CN=C(C2:C:C:C:C:C:2F)C2:C:C(Cl):C:C:C:21,1,0.99910999,1,0.99995625,0.99952734,0.99915886,0.9969223,0.9999852
O=C1NC2:C:C:C(Cl):C:C:2C(C2:C:C:C:C:C:2Cl)=NC1O,1,0.87402029,1,0.9083906,0.9507194,0.81859845,0.7186034,0.9737896
O=C1CN=C(C2:C:C:C:C:C:2)C2:C:C([N+](=O)[O-]):C:C:C:2N1,1,0.9976251819999999,1,0.99943167,0.9983924,0.99718684,0.9947196,0.9983954
O=C1CN=C(C2:C:C:C:C:C:2)C2:C:C(Cl):C:C:C:2N1,1,0.9947060219999999,1,0.9993818,0.997973,0.99459654,0.98226327,0.9993155
CN(C)C(=O)OC1N=C(C2:C:C:C:C:C:2)C2:C:C(Cl):C:C:C:2N(C)C1=O,1,0.999691318,1,0.99995315,0.99966204,0.9997874,0.9990664,0.9999876
N#CCCN1C(=O)C(O)N=C(C2:C:C:C:C:C:2F)C2:C:C(Cl):C:C:C:21,1,0.953062872,1,0.9928517,0.9741726,0.9799606,0.8184625,0.99986696
CCS(=O)(=O)CCN1C(=O)CN=C(C2:C:C:C:C:C:2F)C2:C:C(Cl):C:C:C:21,1,0.999369536,1,0.99997663,0.9995827,0.9989943,0.9983012,0.99999285
CN1C(=O)C(O)N=C(C2:C:C:C:C:C:2F)C2:C:C(Cl):C:C:C:21,1,0.9837706199999999,1,0.99493814,0.98702466,0.9877851,0.94918686,0.99991834
CP(C)(=O)CN1C(=O)CN=C(C2:C:C:C:C:C:2)C2:C:C(Cl):C:C:C:21,1,0.997362552,1,0.9998957,0.99921656,0.997182,0.9905539,0.9999646
CN1C(=O)C(O)N=C(C2:C:C:C:C:C:2Cl)C2:C:C(Cl):C:C:C:21,1,0.9626327939999999,1,0.9726309,0.96845144,0.97177863,0.9006987,0.9996043
C[C@@H]1N=C(C2:C:C:C:C:C:2Cl)C2:C:C([N+](=O)[O-]):C:C:C:2NC1=O,1,0.985880338,1,0.99314076,0.9894533,0.987503,0.9634673,0.99583733
COCN1C(=O)CN=C(C2:C:C:C:C:C:2)C2:C:C([N+](=O)[O-]):C:C:C:21,1,0.9994323960000001,1,0.99988294,0.9993685,0.9993741,0.99858224,0.9999542
CN1C(=O)CN=C(C2:C:C:C:C:C:2)C2:C:C([N+](=O)[O-]):C:C:C:21,1,0.9995496939999999,1,0.9998679,0.9994961,0.99945885,0.99900156,0.99992406
CC(C)(C)C(=O)OC1N=C(C2:C:C:C:C:C:2)C2:C:C(Cl):C:C:C:2NC1=O,1,0.98755926,1,0.9982703,0.9959044,0.9700417,0.9745273,0.9990526
O=C1CN=C(C2:C:C:C:C:C:2F)C2:C:C(Cl):C:C:C:2N1CC(O)CO,1,0.9879950880000001,1,0.9995028,0.9963844,0.99507254,0.9495678,0.9994479
O=C1CN=C(C2:C:C:C:C:C:2Cl)C2:C:C(Cl):C:C:C:2N1,1,0.99212427,1,0.9994319,0.9967064,0.9914425,0.9738203,0.99922025
O=C1C(O)N=C(C2:C:C:C:C:C:2F)C2:C:C(Cl):C:C:C:2N1CCO,1,0.8808900060000001,1,0.9581816,0.9643191,0.8830749,0.60048133,0.9983931
CCOC(=O)C1N=C(C2:C:C:C:C:C:2F)C2:C:C(Cl):C:C:C:2NC1=O,1,0.964449754,1,0.9941303,0.99434954,0.9931196,0.84154683,0.9991025
CN1C(=O)CN=C(C2:C:C:C:C:C:2F)C2:C:C(Cl):C:C:C:21,1,0.999372548,1,0.9999541,0.99957544,0.9993544,0.997993,0.9999858
O=C1CN=C(C2:C:C:C:C:C:2)C2:C:C(Cl):C:C:C:2N1CC(F)(F)F,1,0.9988796600000001,1,0.9999516,0.9993051,0.9995153,0.9956654,0.9999609
C#CCN1C(=O)CN=C(C2:C:C:C:C:C:2)C2:C:C(Cl):C:C:C:21,1,0.9968542499999999,1,0.99969304,0.9983637,0.99811196,0.98820925,0.9998933
