smiles,true_label,rf_prob,rf_pred,gnn_prob,gnn_pred,rf_error,gnn_error,rf_fp,rf_fn,gnn_fp,gnn_fn,rf_high_conf,gnn_high_conf,disagree,both_high_conf_disagree,mw,logp,tpsa,nhd,nha,nrot,nring,nviol_ro5,qed
CC1:C:N([C@H]2C[C@H](F)[C@@H](CO)O2):C(=O):[NH]:C:1=O,1,0.754,1,0.99312556,1,False,False,False,False,False,False,False,True,False,False,244.22199999999998,-0.53708,84.32,2,4,2,2,0,0.731622172408428
NC1:N:N:C(C2:C:C:C:C(Cl):C:2Cl):C(N):N:1,1,0.576,1,0.98949134,1,False,False,False,False,False,False,False,True,False,False,256.09599999999995,2.0098,90.71,2,5,1,2,0,0.8138095128696987
CCNC(=NC#N)NCCSCC1:N:C:C:C:C:1Br,0,0.612,1,0.09092454,0,True,False,True,False,False,False,False,True,True,False,342.266,2.11348,73.1,2,4,6,1,0,0.35854531958802816
CCCC(C)C1(CC)C(=O)NC(=O)NC1=O,1,0.694,1,0.51589346,1,False,False,False,False,False,False,False,False,False,False,226.276,1.1849999999999998,75.27000000000001,2,3,4,1,0,0.7067836690245719
CCOC(=O)C1:C:N:C:N:1C(C)C1:C:C:C:C:C:1,1,0.82,1,0.99173087,1,False,False,False,False,False,False,False,True,False,False,244.294,2.669100000000001,44.12,0,3,4,2,0,0.776550261358108
CC(=O)NC1:C:C:C:C(C2:C:S:C(N=C(N)N):N:2):C:1,0,0.694,1,0.92727286,1,True,True,True,False,True,False,False,True,False,False,275.337,1.6733999999999998,106.39,3,4,3,2,0,0.5847644067795098
NC(N)=NC1:N:C(C2:C:C:C:C:C:2):C:S:1,1,0.594,1,0.9755323,1,False,False,False,False,False,False,False,True,False,False,218.28500000000003,1.715,77.29,2,3,2,2,0,0.5947558314111202
CN1:N:N:N:C:1SCC1=C(C(=O)O)N2C(=O)[C@@H](NC(=O)[C@H](O)C3:C:C:C:C:C:3)[C@H]2SC1,1,0.008,0,0.004960395,0,True,True,False,True,False,True,True,True,False,False,462.5130000000001,-0.2255999999999989,150.54,3,9,7,4,0,0.3718879665023989
CN(C)CCC1:C:C:C:C:N:1,1,0.828,1,0.9931885,1,False,False,False,False,False,False,False,True,False,False,150.225,1.1857,16.130000000000003,0,2,3,1,0,0.6430190665178422
C=C[C@H]1CN2CC[C@H]1C[C@@H]2[C@@H](O)C1:C:C:N:C2:C:C:C(OC):C:C:1:2,1,0.108,0,0.12268601,0,True,True,False,True,False,True,False,False,False,False,324.4240000000001,3.1732000000000014,45.59,1,4,4,5,0,0.8776016184783941
NC(N)=NC1:N:C(C2:C:C:C:C(N):C:2):C:S:1,1,0.594,1,0.8300846,1,False,False,False,False,False,False,False,False,False,False,233.3,1.2972,103.31,3,4,2,2,0,0.4128743875154925
CNC(=NC#N)NC1:C:C:C:C(C2:C:S:C(N=C(N)N):N:2):C:1,0,0.6,1,0.13691454,0,True,False,True,False,False,False,False,False,True,False,314.37800000000004,1.18338,137.5,4,5,3,2,0,0.3811814394273874
CNCCC1:C:C:C:C:N:1,1,0.852,1,0.96335894,1,False,False,False,False,False,False,False,True,False,False,136.19799999999995,0.8434999999999999,24.92,1,2,3,1,0,0.6658018289589026
CN1CC2C3:C:C:C:C:C:3OC3:C:C:C(Cl):C:C:3C2C1,1,0.99,1,0.99969554,1,False,False,False,False,False,False,True,True,False,False,285.77400000000006,4.258500000000003,12.47,0,2,0,4,0,0.7170507116408826
CN(C)CC1:C:C:C(CSCCNC2N=CC=C2[N+](=O)[O-]):O:1,0,0.612,1,0.9027228,1,True,True,True,False,True,False,False,True,False,False,324.40600000000006,1.7351,83.91,1,7,9,2,0,0.4230201587513691
ClC1:C:C:C2:C(:C:1)C1CNCC1C1:C:C:C:C:C:1O2,1,0.984,1,0.99906033,1,False,False,False,False,False,False,True,True,False,False,271.747,3.9163000000000023,21.259999999999998,1,2,0,4,0,0.784208208938289
CC1:N:C2:N(:C(=O):C:1CCN1CCC(C3:N:O:C4:C:C(F):C:C:C:3:4)CC1)CCCC2O,1,0.76,1,0.9997819,1,False,False,False,False,False,False,False,True,False,False,426.49200000000025,3.081320000000002,84.39,1,6,4,5,0,0.6902887957170617
O=C1NC2:C:C:C(Cl):C:C:2C(C2:C:C:C:C:C:2)=NC1O,1,0.842,1,0.3723094,0,False,True,False,False,False,True,False,False,True,False,286.718,2.4479,61.69,2,3,1,3,0,0.84572924577293
NC1=NC(=O)C(C2:C:C:C:C:C:2)O1,1,0.892,1,0.98339486,1,False,False,False,False,False,False,False,True,False,False,176.17499999999998,0.5992000000000001,64.67999999999999,1,3,1,2,0,0.6809458251088376
CCC1:C:C(C(N)=S):C:C:N:1,1,0.812,1,0.97678465,1,False,False,False,False,False,False,False,True,False,False,166.24900000000002,1.2782,38.91,1,2,2,1,0,0.6725460532160716
COC1:C:C([C@@H]2C3:C:C4:C(:C:C:3[C@@H](O[C@@H]3O[C@@H]5CO[C@@H](C)O[C@H]5[C@H](O)[C@H]3O)C3COC(=O)[C@@H]32)OCO4):C:C(OC):C:1O,0,0.21,0,0.27376434,0,False,False,False,False,False,False,False,False,False,False,588.5620000000004,1.3385999999999993,160.83,3,13,5,7,2,0.4298292584463983
OC(CN1:C:N:C:N:1)(CN1:C:N:C:N:1)C1:C:C:C(F):C:C:1F,1,0.612,1,0.46161103,0,False,True,False,False,False,True,False,False,True,False,306.276,0.7357999999999993,81.64999999999999,1,5,5,3,0,0.7515159753061997
COC1:C:C:C(CCN2CCC(NC3:N:C4:C:C:C:C:C:4:N:3CC3:C:C:C(F):C:C:3)CC2):C:C:1,0,0.752,1,0.92767674,1,True,True,True,False,True,False,False,True,False,False,458.58100000000024,5.351300000000005,42.32,1,4,8,5,1,0.3864771407563315
CC(C)(C)NCC(O)COC1:C:C:C:C2:C:1CCC(=O)N2,0,0.676,1,0.8430405,1,True,True,True,False,True,False,False,False,False,False,292.37899999999996,1.6990999999999998,70.58999999999999,3,4,5,2,0,0.7723075202218123
CN1CCN(C2=NC3:C:C:C:C:C:3CC3:C:C:C:C:C:32)CC1,1,0.976,1,0.99972826,1,False,False,False,False,False,False,True,True,False,False,291.3980000000001,2.916500000000001,18.84,0,3,0,4,0,0.7430194240185352
CCOC(=O)C1(C2:C:C:C:C:C:2)CCN(C)CC1,1,0.886,1,0.9998104,1,False,False,False,False,False,False,False,True,False,False,247.33799999999994,2.2131,29.54,0,3,3,2,0,0.7669944339918414
CC(=O)[C@H]1CC[C@H]2[C@@H]3CC[C@@H]4C[C@H](O)CC[C@]4(C)[C@H]3CC[C@]12C,1,0.66,1,0.0073760306,0,False,True,False,False,False,True,False,True,True,False,318.5010000000001,4.595200000000005,37.3,1,2,1,4,0,0.7672110598231308
COC1:C:C(NCC2:C:C:C3:N:C(N):N:C(N):C:3:C:2C):C:C(OC):C:1OC,0,0.664,1,0.99019974,1,True,True,True,False,True,False,False,True,False,False,369.4250000000001,2.740520000000001,117.54,3,8,6,3,0,0.6069831028443925
O=C1:C(CC2:C(O):O:C3:C:C:C:C:C:3:C:2=O):C(O):O:C2:C:C:C:C:C:1:2,0,0.372,0,0.077180825,0,False,False,False,False,False,False,False,True,False,False,336.2990000000001,2.9014000000000006,100.88,2,6,2,4,0,0.5835736700797656
CC/C(=C(/CC)C1:C:C:C(O):C:C:1)C1:C:C:C(O):C:C:1,0,0.522,1,0.48448434,0,True,False,True,False,False,False,False,False,True,False,268.356,4.828600000000005,40.46,2,2,4,2,0,0.7796984854737203
C=CCC1(C(C)CCC)C(=O)NC(=O)NC1=O,1,0.814,1,0.7476125,1,False,False,False,False,False,False,False,False,False,False,238.28699999999998,1.3510999999999997,75.27000000000001,2,3,5,1,0,0.5604883600608829
O=C1CSC2(CCN(CCCN3C4:C:C:C:C:C:4SC4:C:C:C(Cl):C:C:43)CC2)N1.[Cl-].[H+],1,0.842,1,0.999987,1,False,False,False,False,False,False,False,True,False,False,482.5020000000001,2.1044,35.580000000000005,1,5,4,5,0,0.7226994834015644
ClC1:C:C:C(COC(CN2:C:C:N:C:2)C2:C:C:C(Cl):C:C:2Cl):C:C:1,0,0.864,1,0.80948704,1,True,True,True,False,True,False,False,False,False,False,381.69000000000005,5.801400000000003,27.05,0,2,6,3,1,0.5391871956552778
C[C@]12CC[C@@H]3C4:C:C:C(O):C:C:4CC[C@H]3[C@@H]1CC[C@@H]2O,0,0.464,0,0.01744827,0,False,False,False,False,False,False,False,True,False,False,272.3879999999999,3.6092000000000026,40.46,2,2,0,4,0,0.757169743555686
CN1C(=O)C(O)N=C(C2:C:C:C:C:C:2)C2:C:C(Cl):C:C:C:21,1,0.85,1,0.6590566,1,False,False,False,False,False,False,False,False,False,False,300.74500000000006,2.4722,52.900000000000006,1,3,1,3,0,0.879421465403288
C#C[C@]1(O)CC[C@H]2[C@@H]3CCC4:C:C(O):C:C:C:4[C@H]3CC[C@@]21C,0,0.478,0,0.025933135,0,False,False,False,False,False,False,False,True,False,False,296.4100000000001,3.6126000000000023,40.46,2,2,0,4,0,0.7180018360911579
O=C1:[NH]:C(=O):N([C@H]2C[C@H](O)[C@@H](CO)O2):C:C:1F,0,0.63,1,0.54547477,1,True,True,True,False,True,False,False,False,False,False,246.194,-1.6836,104.55000000000001,3,5,2,2,0,0.5776171321259124
NC1:N:C(=O):C2:N:C:N(COC(CO)CO):C:2:[NH]:1,0,0.546,1,0.6555737,1,True,True,True,False,True,False,False,False,False,False,255.23399999999998,-1.970899999999999,139.28000000000003,4,7,5,2,0,0.4854930576221492
CC(CN(C)C)CN1C2:C:C:C:C:C:2CCC2:C:C:C:C:C:21,1,0.99,1,0.99972063,1,False,False,False,False,False,False,True,True,False,False,294.442,4.121000000000003,6.48,0,2,4,3,0,0.8366473557753504
CC(C)[N+]1(C)C2CCC1CC(OC(=O)C(CO)C1:C:C:C:C:C:1)C2.[Br-],0,0.368,0,0.043832634,0,False,False,False,False,False,False,False,True,False,False,412.368,-0.14189999999999792,46.53,1,3,5,3,0,0.5411800487522962
NNC1:N:N:C:C2:C:C:C:C:C:1:2,0,0.686,1,0.9978847,1,True,True,True,False,True,False,False,True,False,False,160.17999999999998,0.9153999999999998,63.83,2,4,1,2,0,0.480554166108739
COC1:C:C:C2:C(:C:1):C(CC(=O)O):C(C):N:2C(=O)C1:C:C:C(Cl):C:C:1,0,0.46,0,0.13179156,0,False,False,False,False,False,False,False,False,False,False,357.793,3.9273200000000026,68.53,1,3,4,3,0,0.7678065120522066
CC1:N:C2:N(:C(=O):C:1CCN1CCC(C3:N:O:C4:C:C(F):C:C:C:3:4)CC1)CCC[C@H]2O,1,0.758,1,0.99959105,1,False,False,False,False,False,False,False,True,False,False,426.49200000000025,3.081320000000002,84.39,1,6,4,5,0,0.6902887957170617
NNC(=O)C1:C:C:N:C:C:1,0,0.83,1,0.994311,1,True,True,True,False,True,False,False,True,False,False,137.142,-0.3149000000000006,68.00999999999999,2,3,1,1,0,0.3165786787720106
CC(C)[N+](C)(CCOC(=O)C1C2:C:C:C:C:C:2OC2:C:C:C:C:C:21)C(C)C.[Br-],0,0.594,1,0.9995265,1,True,True,True,False,True,False,False,True,False,False,448.4010000000001,1.7348,35.53,0,3,6,3,0,0.4991408871253257
CCC1:N:C(N):N:C(N):C:1C1:C:C:C(Cl):C:C:1,1,0.636,1,0.61309975,1,False,False,False,False,False,False,False,False,False,False,248.71700000000004,2.5238000000000005,77.82,2,4,2,2,0,0.856137149346395
C#C[C@]1(O)CC[C@H]2[C@@H]3CCC4:C:C(OC):C:C:C:4[C@H]3CC[C@@]21C,0,0.588,1,0.023259522,0,True,False,True,False,False,False,False,True,True,False,310.4370000000001,3.915600000000003,29.46,1,2,1,4,0,0.7968347529245803
CC[N+](C)(CC)CCOC(=O)C1C2:C:C:C:C:C:2OC2:C:C:C:C:C:21,0,0.706,1,0.99516076,1,True,True,True,False,True,False,False,True,False,False,340.4430000000001,3.953800000000003,35.53,0,3,6,3,0,0.5898453885239513
COC1:C:C:C:N:C:1CCCCNC1:N:C:C(CC2:C:C:C(C):N:C:2):C(=O):[NH]:1.[Cl-].[Cl-].[Cl-].[H+].[H+].[H+],0,0.536,1,0.25975898,0,True,False,True,False,False,False,False,False,True,False,488.8469999999999,-5.747980000000001,92.78999999999999,2,6,9,3,0,0.2917279234740548
ClC1:C:C:C(COC(CN2:C:C:N:C:2)C2:C:C:C(Cl):C:C:2Cl):C(Cl):C:1,0,0.84,1,0.97541285,1,True,True,True,False,True,False,False,True,False,False,416.1350000000001,6.454800000000002,27.05,0,2,6,3,1,0.4616906207935435
CCOC(=O)C(C1:C(O):O:C2:C:C:C:C:C:2:C:1=O)C1:C(O):O:C2:C:C:C:C:C:2:C:1=O,0,0.312,0,0.04648945,0,False,False,False,False,False,False,False,True,False,False,408.36200000000014,3.005600000000002,127.18,2,8,4,4,0,0.49348358278162097
OCC1:C:C:C:N:C:1,0,0.906,1,0.93142,1,True,True,True,False,True,False,True,True,False,False,109.12799999999999,0.5739,33.120000000000005,1,2,1,1,0,0.571659552744487
CC1:C:C:C:C2:C:1OC1:C:C:C:C:C:1[C@@]1(O)CCNC[C@H]21,1,0.954,1,0.99942684,1,False,False,False,False,False,False,True,True,False,False,281.355,3.0654200000000014,41.49,2,3,0,4,0,0.7795443971106502
CC1:C:C:C:C2:C:1OC1:C:C:C:C:C:1[C@@]1(O)CCN(C)C[C@H]21,1,0.954,1,0.999283,1,False,False,False,False,False,False,True,True,False,False,295.38200000000006,3.4076200000000023,32.7,1,3,0,4,0,0.8082366349098744
CC(C)(C)NCC(O)C1:C:C:C(O):C(CO):N:1,0,0.25,0,0.02555184,0,False,False,False,False,False,False,False,True,False,False,240.303,0.7009999999999998,85.61,4,5,4,1,0,0.6222799026086435
CC1:N:C2:N(:C(=O):C:1CCN1CCC(C3:N:O:C4:C:C(F):C:C:C:3:4)CC1)CCCC2,1,0.908,1,0.99988437,1,False,False,False,False,False,False,True,True,False,False,410.4930000000003,3.5904200000000026,64.16,0,5,4,5,0,0.6577452185749303
CC1:C:C:C(CC2:C:N:C(NCCCCC3:N:C:C(Br):C:C:3C):[NH]:C:2=O):C:N:1,0,0.656,1,0.09600417,0,True,False,True,False,False,False,False,True,True,False,442.3610000000001,3.9648400000000024,83.56,2,5,8,3,0,0.5162542343594771
CC(C)(O/N=C(\C(=O)N[C@@H]1C(=O)N2C(C(=O)[O-])=C(C[N+]3:C:C:C:C:C:3)CS[C@H]12)C1:C:S:C(N):N:1)C(=O)O,1,0.086,0,0.0061783656,0,True,True,False,True,False,True,True,True,False,False,546.5870000000002,-1.2991999999999946,191.22,3,11,9,4,2,0.14740150966845048
COC1:C:C([C@@H]2C3:C:C4:C(:C:C:3[C@@H](OC3OC5COC(C6:C:C:C:S:6)OC5C(O)C3O)[C@H]3COC(=O)[C@H]23)OCO4):C:C(OC):C:1O,1,0.21,0,0.07325587,0,True,True,False,True,False,True,False,True,False,False,656.6620000000001,2.752900000000001,160.83,3,14,6,8,2,0.33279567772779733
NC1:N:C:N:C2:C:1:N:C:N:2C1OC(CO)C(O)C1O,1,0.552,1,0.49869254,0,False,True,False,False,False,True,False,False,True,False,267.245,-1.9800000000000006,139.54000000000002,4,8,2,3,0,0.49051986767922323
S=C(NC1CCCCC1)N1CCC(C2:C:N:C:[NH]:2)CC1,1,0.928,1,0.99221087,1,False,False,False,False,False,False,True,True,False,False,292.45200000000006,2.7963000000000005,43.95,2,2,2,3,0,0.8227898164712498
CC(=O)S[C@@H]1CC2=CC(=O)CC[C@]2(C)[C@H]2CC[C@@]3(C)[C@@H](CC[C@@]34CCC(=O)O4)[C@@H]21,0,0.792,1,0.016527286,0,True,False,True,False,False,False,False,True,True,False,416.58300000000025,4.852300000000005,60.44,0,5,1,5,0,0.5718459844204299
O=C(CC1:C:C:C(Cl):C(Cl):C:1)N1CCCC[C@H]1CN1CCCC1,1,0.952,1,0.99848217,1,False,False,False,False,False,False,True,True,False,False,355.3090000000002,4.012800000000003,23.550000000000004,0,2,4,3,0,0.8147397454543479
O=C(CC1:C:C:C(C(F)(F)F):C:C:1)N1CCCC[C@H]1CN1CCCC1,1,0.87,1,0.99729973,1,False,False,False,False,False,False,False,True,False,False,354.41600000000017,3.7248000000000028,23.550000000000004,0,2,4,3,0,0.8226589540853692
NC1:N:C(=S):C2:[NH]:C:N:C:2:[NH]:1,0,0.56,1,0.9930583,1,True,True,True,False,True,False,False,True,False,False,167.197,0.5976899999999998,83.38,3,4,0,2,0,0.5014913838271434
NC1:N:C(N):C2:N:C(C3:C:C:C:C:C:3):C(N):N:C:2:N:1,0,0.536,1,0.9907795,1,True,True,True,False,True,False,False,True,False,False,253.26900000000003,0.8334000000000001,129.62,3,7,1,3,0,0.5851791059173755
COC1:C:C:C(CCN(C)CCCC(C#N)(C2:C:C:C(OC):C(OC):C:2)C(C)C):C:C:1OC,0,0.626,1,0.99754673,1,True,True,True,False,True,False,False,True,False,False,454.6110000000002,5.093080000000005,63.95,0,6,13,2,1,0.41990487617646394
NCCCN1C2:C:C:C:C:C:2CCC2:C:C:C:C:C:21,1,0.968,1,0.9959293,1,False,False,False,False,False,False,True,True,False,False,252.36099999999996,3.272100000000002,29.259999999999998,1,2,3,3,0,0.9080698598193961
O=C(CC1:C:C:C(Cl):C(Cl):C:1)N1CCC2:[NH]:C:N:C:2[C@H]1CN1CCCC1,0,0.852,1,0.99931073,1,True,True,True,False,True,False,False,True,False,False,393.3180000000002,3.480800000000002,52.230000000000004,1,3,4,4,0,0.865569126082104
COC(=O)[C@H]1[C@@H](O)CC[C@H]2CN3CCC4:C(:[NH]:C5:C:C:C:C:C:4:5)[C@@H]3C[C@@H]21,0,0.74,1,0.99720275,1,True,True,True,False,True,False,False,True,False,False,354.45000000000005,2.647100000000001,65.56,2,4,1,5,0,0.7729574057454922
CC1:C:N([C@H]2C[C@H](N=[N+]=[N-])[C@@H](CO)O2):C(=O):[NH]:C:1=O,0,0.652,1,0.9878099,1,True,True,True,False,True,False,False,True,False,False,267.245,-0.19628000000000012,133.07999999999998,2,5,3,2,0,0.4454004294146897
C=CCC1(CC=C)C(=O)NC(=O)NC1=O,1,0.862,1,0.9770402,1,False,False,False,False,False,False,False,True,False,False,208.21699999999998,0.491,75.27000000000001,2,3,4,1,0,0.5212105657671737
CCC1(CCC(C)C)C(=O)NC(=O)NC1=O,1,0.824,1,0.88333607,1,False,False,False,False,False,False,False,False,False,False,226.27599999999998,1.1849999999999998,75.27000000000001,2,3,4,1,0,0.7067836690245718
CN1C(=O)CN=C(C2:C:C:C:C:C:2F)C2:C:C([N+](=O)[O-]):C:C:C:21,1,0.84,1,0.99956757,1,False,False,False,False,False,False,False,True,False,False,313.28800000000007,2.5477000000000007,75.81,0,4,2,3,0,0.6313255490777444
CN1CCC2:C:C:C:C3:C:2[C@H]1CC1:C:C:C(O):C(O):C:13,1,0.756,1,0.9558968,1,False,False,False,False,False,False,False,True,False,False,267.328,2.8499000000000025,43.7,2,3,0,4,0,0.7213394581196795
CN1C2CCC1CC(OC(C1:C:C:C:C:C:1)C1:C:C:C:C:C:1)C2.O=S(=O)(O)O,1,0.744,1,0.05421314,0,False,True,False,False,False,True,False,True,True,False,405.51600000000013,3.7650000000000023,87.07000000000001,2,4,4,4,0,0.7533132229286199
C=CCC1(C(C)C#CCC)C(=O)NC(=O)N(C)C1=O,1,0.806,1,0.9035116,1,False,False,False,False,False,False,False,True,False,False,262.30899999999997,1.3066,66.48,1,3,3,1,0,0.47348972477403223
CC(C)(C)C1:C:C:C(CN2CCN(C(C3:C:C:C:C:C:3)C3:C:C:C(Cl):C:C:3)CC2):C:C:1,1,0.752,1,0.7355026,1,False,False,False,False,False,False,False,False,False,False,433.0390000000001,6.544700000000008,6.48,0,2,5,4,1,0.450917622424228
CCC(C)C1(CC)C(=O)NC(=O)NC1=O,1,0.782,1,0.6334791,1,False,False,False,False,False,False,False,False,False,False,212.249,0.7948999999999999,75.27000000000001,2,3,3,1,0,0.6791427219817272
CN(C)CC/C=C1/C2:C:C:C:C:C:2SC2:C:C:C(Cl):C:C:21,1,0.974,1,0.99956614,1,False,False,False,False,False,False,True,True,False,False,315.869,5.188000000000004,3.24,0,2,3,3,1,0.6542213588943051
CN(C)CCCN1C2:C:C:C:C:C:2CCC2:C:C:C(Cl):C:C:21,1,0.99,1,0.99955183,1,False,False,False,False,False,False,True,True,False,False,314.86,4.528400000000004,6.48,0,2,4,3,0,0.8178744322781548
O=C1CN=C(C2:C:C:C:C:C:2Cl)C2:C:C([N+](=O)[O-]):C:C:C:2N1,1,0.834,1,0.99674314,1,False,False,False,False,False,False,False,True,False,False,315.716,3.037700000000001,84.6,1,4,2,3,0,0.682474275950086
CC1C2CC3:C:C:C(O):C:C:3C1(C)CCN2CC1CC1,1,0.952,1,0.99994123,1,False,False,False,False,False,False,True,True,False,False,271.404,3.3264000000000022,23.47,1,2,2,4,0,0.8916299429541983
FC(F)(F)C1:C:C:C2:C(:C:1)N(CCCN1CCN(C3CC3)CC1)C1:C:C:C:C:C:1S2,1,0.968,1,0.9999989,1,False,False,False,False,False,False,True,True,False,False,433.5430000000002,5.4782000000000055,9.72,0,4,5,5,1,0.617604877367167
CCOC(=O)C1(C2:C:C:C:C:C:2)CCN(C)CC1.[Cl-].[H+],1,0.806,1,0.99992573,1,False,False,False,False,False,False,False,True,False,False,283.7989999999999,-0.6703999999999979,29.54,0,3,3,2,0,0.6894126229962786
NCCC1:N:C(C2:C:C:C:C:C:2):C:S:1,0,0.868,1,0.98844564,1,True,True,True,False,True,False,False,True,False,False,204.298,2.3113,38.91,1,3,3,2,0,0.8329021686005331
CN1/C(=C(/O)NC2:C:C:C:C:N:2)C(=O)C2:C:C:C:C:C:2S1(=O)=O,0,0.152,0,0.025270816,0,False,False,False,False,False,False,False,True,False,False,331.35300000000007,1.7376,99.6,2,6,2,3,0,0.6421512761710628
CNCCCN1C2:C:C:C:C:C:2CCC2:C:C:C:C:C:21,1,0.996,1,0.9987482,1,False,False,False,False,False,False,True,True,False,False,266.388,3.5328000000000026,15.27,1,2,4,3,0,0.8516371541172786
CN1C(=O)CN=C(C2:C:C:C:C:C:2)C2:C:C(Cl):C:C:C:21,1,0.994,1,0.99963033,1,False,False,False,False,False,False,True,True,False,False,284.74600000000004,3.153800000000002,32.67,0,2,1,3,0,0.79164533623487
CCCNC(=O)C1:C:C:C2:C(:C:1)N([C@@H](C)CN1CCCC1)C1:C:C:C:C:C:1S2,1,0.948,1,0.9999323,1,False,False,False,False,False,False,True,True,False,False,395.5720000000002,4.913400000000005,35.580000000000005,1,4,6,4,0,0.753507986113022
O=C(CC1:C:C:C(Cl):C(Cl):C:1)N1CCC2:[NH]:C:N:C:2[C@H]1CN1CC[C@@H](O)C1,0,0.288,0,0.62494004,1,False,True,False,False,True,False,False,False,True,False,409.3170000000002,2.4516,72.46000000000001,2,4,4,4,0,0.8140591424800115
CCN(CC)CCN1C(=O)CN=C(C2:C:C:C:C:C:2F)C2:C:C(Cl):C:C:C:21,1,0.974,1,0.99997914,1,False,False,False,False,False,False,True,True,False,False,387.88600000000014,4.004900000000003,35.91,0,3,6,3,0,0.7505075074463576
CCNCC1:C(CSC):C:N:C(C):C:1O,1,0.782,1,0.99761754,1,False,False,False,False,False,False,False,True,False,False,226.345,2.06812,45.150000000000006,2,4,5,1,0,0.8065187401051552
CN(C)CCCN1C2:C:C:C:C:C:2CCC2:C:C:C:C:C:21,1,0.998,1,0.99946576,1,False,False,False,False,False,False,True,True,False,False,280.415,3.8750000000000027,6.48,0,2,4,3,0,0.8384623265941306
O=C1NC2:C:C:C(Cl):C:C:2C(C2:C:C:C:C:C:2Cl)=NC1O,1,0.862,1,0.47347373,0,False,True,False,False,False,True,False,False,True,False,321.163,3.1013000000000015,61.69,2,3,1,3,0,0.8476978945833689
CN1CCN=C(C2:C:C:C:C:C:2)C2:C:C(Cl):C:C:C:21,1,0.964,1,0.99933726,1,False,False,False,False,False,False,True,True,False,False,270.76300000000003,3.627200000000003,15.6,0,2,1,3,0,0.7726586313728765
NCCN1:N:C:C2:C:C(Cl):C(Cl):C:C:2:1,1,0.852,1,0.99670994,1,False,False,False,False,False,False,False,True,False,False,230.09799999999998,2.3018,43.84,1,2,2,2,0,0.8596070514570276
NC1:N:C(NC2CC2):C2:N:C:N([C@H]3C=C[C@@H](CO)C3):C:2:N:1,1,0.664,1,0.99637944,1,False,False,False,False,False,False,False,True,False,False,286.33900000000006,1.0922999999999998,101.88,3,6,4,4,0,0.7272302824304794
NC1:N:C(=O):C2:N:C:N(COCCO):C:2:[NH]:1,1,0.64,1,0.9827983,1,False,False,False,False,False,False,False,True,False,False,225.20799999999997,-1.3318000000000003,119.05000000000001,3,6,4,2,0,0.554385971786765
CCC1(CC)C(=O)NCC(C)C1=O,1,0.94,1,0.9996327,1,False,False,False,False,False,False,True,True,False,False,183.25099999999998,1.1278,46.17,1,2,2,1,0,0.6521582317615695
CN1CC=C(C2:C:C:C:C:C:2)CC1,1,0.982,1,0.9996333,1,False,False,False,False,False,False,True,True,False,False,173.25899999999996,2.405500000000001,3.24,0,1,1,2,0,0.6300528582023183
O=C1CN=C(C2:C:C:C:C:C:2)C2:C:C([N+](=O)[O-]):C:C:C:2N1,1,0.84,1,0.99637467,1,False,False,False,False,False,False,False,True,False,False,281.27099999999996,2.3842999999999996,84.6,1,4,2,3,0,0.6771088741597445
O=C1CN=C(C2:C:C:C:C:C:2)C2:C:C(Cl):C:C:C:2N1,1,0.982,1,0.9977233,1,False,False,False,False,False,False,True,True,False,False,270.71899999999994,3.129500000000001,41.46,1,2,1,3,0,0.8498120203195161
CC[C@@]1(O)C[C@H](OC2CC(N(C)C)C(OC3CC(O)C(OC4CCC(=O)C(C)O4)C(C)O3)C(C)O2)C2:C(:C:C3:C(:C:2O)C(=O)C2:C(O):C:C:C:C:2C3=O)[C@H]1C(=O)OC,0,0.066,0,0.010643857,0,False,False,False,False,False,False,True,True,False,False,811.8780000000002,3.157700000000002,217.04999999999998,4,16,9,7,2,0.22836136977761778
CC1(C)S[C@@H]2[C@H](NC(=O)C34C[C@@H]5C[C@@H](CC(N)(C5)C3)C4)C(=O)N2[C@H]1C(=O)O,0,0.142,0,0.034039948,0,False,False,False,False,False,False,False,True,False,False,393.5090000000002,0.9158000000000006,112.73,3,5,3,6,0,0.614692741619305
CC(C)(C)C(=O)OCOC(=O)C1N2C(=O)[C@@H](N=CN3CCCCCC3)[C@H]2SC1(C)C,0,0.382,0,0.012425477,0,False,False,False,False,False,False,False,True,False,False,439.5780000000003,2.4116,88.50999999999999,0,7,5,3,0,0.21365479686795516
CCOC(=O)OC(C)OC(=O)[C@@H]1N2C(=O)[C@@H](N=CN3CCCCCC3)[C@H]2SC1(C)C,0,0.386,0,0.02196787,0,False,False,False,False,False,False,False,True,False,False,441.55000000000035,2.3839000000000006,97.74000000000001,0,8,6,3,0,0.2037436478811709
CC(=O)[C@]1(O)CC2:C(O):C3:C(:C(O):C:2C(OC2CC(N)C(O)C(C)O2)C1)C(=O)C1:C(O):C:C:C:C:1C3=O,0,0.008,0,0.0117586395,0,False,False,False,False,False,False,True,True,False,False,513.4990000000003,0.7259,196.83999999999997,6,11,3,5,3,0.2699850553318156
CO/N=C(/C(=O)N[C@@H]1C(=O)N2C(C(=O)O)=C(CSC3:N:C(C):C(CC(=O)O):S:3)CS[C@H]12)C1:C:S:C(N):N:1,0,0.04,0,0.012504911,0,False,False,False,False,False,False,True,True,False,False,584.683,0.9987200000000007,197.39999999999998,4,13,10,4,2,0.13393623971973823
O=C(O)C1=C(CSC2:N:N:N:N:2CS(=O)(=O)O)CS[C@@H]2[C@H](NC(=O)C(O)C3:C:C:C:C:C:3)C(=O)N12,0,0.036,0,0.004935041,0,False,False,False,False,False,False,True,True,False,False,542.5770000000001,-0.9172999999999991,204.90999999999997,4,11,9,4,2,0.17210207791289023
NCC1:C:C:C:C:C:1CC(=O)N[C@@H]1C(=O)N2C(C(=O)O)=C(CSC3:N:N:N:N:3CC(=O)O)CS[C@H]12,0,0.052,0,0.009271959,0,False,False,False,False,False,False,True,True,False,False,519.5650000000003,-0.7101999999999984,193.62999999999997,4,10,10,4,1,0.2278184722894915
CO[C@@]1(NC(=O)C2SC(=C(C(N)=O)C(=O)O)S2)C(=O)N2C(C(=O)O)=C(CSC3:N:N:N:N:3C)CS[C@@H]21,0,0.096,0,0.0076752133,0,False,False,False,False,False,False,True,True,False,False,575.6320000000002,-1.3974999999999984,219.92999999999995,4,13,9,4,2,0.06641669832653377
CC(=O)OCC1=C(C(=O)O)N2C(=O)[C@@H](NC(=O)CCC[C@@H](N)C(=O)O)[C@H]2SC1,0,0.068,0,0.012367227,0,False,False,False,False,False,False,True,True,False,False,415.4240000000002,-1.129699999999996,176.32999999999998,4,8,9,2,0,0.2660852874613771
CCOC(OCC)C(=O)OCC(=O)C1(O)CC2:C(O):C3:C(:C(O):C:2C(OC2CC(N)C(O)C(C)O2)C1)C(=O)C1:C(OC):C:C:C:C:1C3=O,0,0.076,0,0.018499618,0,False,False,False,False,False,False,True,True,False,False,673.6680000000002,0.9513000000000013,230.59999999999997,5,15,11,5,2,0.10837389615666525
COC1:C:C:C(C2:C:C(=O):C3:C(O):C:C(O[C@@H]4O[C@H](CO[C@@H]5O[C@@H](C)[C@H](O)[C@@H](O)[C@H]5O)[C@@H](O)[C@H](O)[C@H]4O):C:C:3:O:2):C:C:1O,0,0.112,0,0.058032673,0,False,False,False,False,False,False,False,True,False,False,608.5490000000002,-1.0897,238.19999999999996,8,15,7,5,3,0.15901573371992592
CC(C)(OC1:C:C:C(Cl):C:C:1)C(=O)N[C@@H](C(=O)N[C@@H]1C(=O)N2[C@@H](C(=O)O)C(C)(C)S[C@H]12)C1:C:C:C:C:C:1,0,0.07,0,0.0066837464,0,False,False,False,False,False,False,True,True,False,False,546.0450000000003,2.986600000000001,125.04,3,6,8,4,1,0.43541104627471944
CC(C)CC(OC(=O)C1:C:C:C:O:1)C(=O)N[C@@H]1C(=O)N2[C@@H](C(=O)O)C(C)(C)S[C@H]12,0,0.036,0,0.023490993,0,False,False,False,False,False,False,True,True,False,False,424.47500000000014,1.4828,126.14999999999999,2,7,7,3,0,0.4979193798280595
CC(C)CC1NC(=O)C(CCCN)NC(=O)C(C(C)C)NC(=O)C2CCCN2C(=O)C(CC2:C:C:C:C:C:2)NC(=O)C(CC(C)C)NC(=O)C(CCCN)NC(=O)C(C(C)C)NC(=O)C2CCCN2C(=O)C(CC2:C:C:C:C:C:2)NC1=O,0,0.136,0,0.00010485898,0,False,False,False,False,False,False,False,True,False,False,1141.4699999999996,1.227799999999997,325.4599999999999,10,12,16,5,3,0.11356167014864146
CC1(C)S[C@@H]2[C@H](N=CN3CCCCCC3)C(=O)N2[C@H]1C(=O)O,0,0.278,0,0.051540017,0,False,False,False,False,False,False,False,True,False,False,325.4339999999999,1.4062000000000001,73.21000000000001,1,4,3,3,0,0.48235981573967446
CC1OC(OC2CC(O)(C(=O)CO)CC3:C(O):C4:C(:C(O):C:32)C(=O)C2:C:C:C:C:C:2C4=O)CC(N)C1O,0,0.01,0,0.013434339,0,False,False,False,False,False,False,True,True,False,False,513.4990000000003,-0.00730000000000014,196.84,6,11,4,5,3,0.25670338958593386
C[C@H](O)C1C(=O)N2C(C(=O)O)=C(S[C@@H]3CN[C@H](C(=O)N(C)C)C3)[C@H](C)C12.O.O.O,0,0.054,0,0.001846394,0,False,False,False,False,False,False,True,True,False,False,437.5150000000003,-2.7820999999999976,204.68,3,6,5,3,0,0.38517105472934987
CO[C@H]1/C=C/O[C@@]2(C)OC3:C(C):C(O):C4:C(:C:3C2=O)C2=NC3(CCN(CC(C)C)CC3)NC2=C(NC(=O)/C(C)=C\C=C\[C@H](C)[C@H](O)[C@@H](C)[C@@H](O)[C@@H](C)[C@H](OC(C)=O)[C@@H]1C)C4=O,0,0.116,0,0.00047667237,0,False,False,False,False,False,False,False,True,False,False,847.0190000000003,4.615720000000003,205.54999999999995,5,14,4,6,2,0.2630753883136941
CCCCCCCCCC(=O)N[C@H]1[C@H](OC2:C3:C:C4:C:C:2OC2:C:C:C(:C:C:2Cl)[C@@H](O[C@@H]2O[C@H](CO)[C@@H](O)[C@H](O)[C@H]2NC(C)=O)[C@@H]2NC(=O)[C@H](NC(=O)[C@@H]4NC(=O)[C@H]4NC(=O)[C@@H](CC5:C:C:C(:C(Cl):C:5)O3)NC(=O)[C@H](N)C3:C:C:C(O):C(:C:3)OC3:C:C(O):C:C4:C:3)C3:C:C:C(O):C(:C:3)C3:C(O[C@H]4O[C@H](CO)[C@@H](O)[C@H](O)[C@@H]4O):C:C(O):C:C:3[C@H](C(=O)O)NC2=O)O[C@H](CO)[C@@H](O)[C@@H]1O,0,0.224,0,1.3853303e-06,0,False,False,False,False,False,False,False,True,False,False,1879.680000000001,1.1636000000000106,662.4100000000003,24,33,20,16,3,0.04761806936070097
CN1:C(=O):C2:C(:N:C:N:2CCNCC(O)C2:C:C:C(O):C(O):C:2):N(C):C:1=O,0,0.276,0,0.015022923,0,False,False,False,False,False,False,False,True,False,False,375.3850000000001,-0.8319000000000003,134.54,4,7,6,3,0,0.326168114460628
CCCC[C@@H]1CC(=O)[C@]2(O)O[C@@H]3[C@@H](NC)[C@@H](O)[C@@H](NC)[C@H](O)[C@H]3O[C@@H]2O1,0,0.174,0,0.0024935482,0,False,False,False,False,False,False,False,True,False,False,374.4340000000001,-1.7552999999999952,129.51000000000002,5,9,5,3,0,0.3800896178510142
CC(CC1:C:C:C:C:C:1)NCCN1:C:N:C2:C:1:C(=O):N(C):C(=O):N:2C.[Cl-].[H+],1,0.75,1,0.9892396,1,False,False,False,False,False,False,False,True,False,False,377.87600000000003,-2.2289999999999957,73.85,1,4,6,3,0,0.5275209043020795
C=CC1O[C@@H]2CC3C4CCC5=CC(=O)C=CC5(C)C4(F)C(O)CC3(C)[C@]2(C(=O)CO)O1,1,0.922,1,0.99976486,1,False,False,False,False,False,False,True,True,False,False,432.4880000000002,2.1948000000000003,93.06,2,6,3,5,0,0.6645195633151878
CNC[C@@H]1CN(C2:C:C:C(OCC3:C:C:C:C(Cl):C:3):C:C:2)C(=O)O1,1,0.842,1,0.9286039,1,False,False,False,False,False,False,False,True,False,False,346.8140000000001,3.4636000000000022,50.8,1,4,6,3,0,0.8698578912084756
CCC(=O)O[C@]1(C2:C:C:C:C:C:2)CCN(C)C[C@@H]1CC,1,0.95,1,0.99799216,1,False,False,False,False,False,False,True,True,False,False,275.392,3.1968000000000023,29.54,0,3,4,2,0,0.7903390606425671
CCC1(CC)O[C@@H]2C[C@H]3C4CCC5=CC(=O)C=CC5(C)[C@@]4(F)[C@@H](O)CC3(C)[C@]2(C(=O)CO)O1,1,0.966,1,0.99986994,1,False,False,False,False,False,False,True,True,False,False,462.5580000000003,3.199000000000003,93.06,2,6,4,5,0,0.6666323272132847
CC12C[C@H](O)[C@@]3(F)C(CCC4=CC(=O)C=CC43C)[C@@H]1C[C@H]1O[C@@](C)(C3:C:C:C:C:C:3)O[C@]12C(=O)CO,1,0.92,1,0.99697304,1,False,False,False,False,False,False,True,True,False,False,496.5750000000003,3.5556000000000023,93.06000000000002,2,6,3,6,0,0.6649871252562852
CCNC(=O)N1CCN(CCCC(C2:C:C:C(F):C:C:2)C2:C:C:C(F):C:C:2)CC1,1,0.9,1,0.99605346,1,False,False,False,False,False,False,True,True,False,False,401.5010000000001,4.224000000000004,35.580000000000005,1,2,7,3,0,0.7539138280338623
COC1:C:C:C(C(=O)N2CCCC2=O):C:C:1,1,0.84,1,0.9622264,1,False,False,False,False,False,False,False,True,False,False,219.23999999999995,1.4578,46.61,0,3,2,2,0,0.7072687150818269
COC1:C:C2:O:C(=O):C(C):C(C):C:2:C:C:1OCCCN1CCN(C2:C:C:C:C:C:2OC)CC1,1,0.82,1,0.99976665,1,False,False,False,False,False,False,False,True,False,False,452.5510000000003,4.018140000000003,64.38000000000001,0,7,8,4,0,0.37783312471252267
CCCNC(=O)C1:C:C:C2:C(:C:1)N([C@H](C)CN1CCCC1)C1:C:C:C:C:C:1S2,1,0.948,1,0.99990416,1,False,False,False,False,False,False,True,True,False,False,395.5720000000002,4.913400000000005,35.580000000000005,1,4,6,4,0,0.753507986113022
C=CCC1(C(C)C)C(=O)NC(=O)NC1=O,1,0.822,1,0.7913861,1,False,False,False,False,False,False,False,False,False,False,210.23299999999998,0.5709000000000001,75.27000000000001,2,3,3,1,0,0.5279211833596782
C[N+]1([O-])C2CCC1CC(OC(=O)C(CO)C1:C:C:C:C:C:1)C2,1,0.322,0,0.064294316,0,True,True,False,True,False,True,False,True,False,False,305.374,1.9434999999999996,69.59,1,4,4,3,0,0.5242019295950936
NC1:C:C:C(S(=O)(=O)N2CC3CCC(CC3)C2):C:C:1,1,0.84,1,0.49281868,0,False,True,False,False,False,True,False,False,True,False,280.3929999999999,2.0795000000000003,63.400000000000006,1,3,2,4,0,0.8436084694708043
O=C(CCCN1CCN2CCCC2C1)C1:C:C:C(F):C:C:1,1,0.96,1,0.99993503,1,False,False,False,False,False,False,True,True,False,False,290.382,2.568600000000001,23.550000000000004,0,3,5,3,0,0.7787660726048818
O=C1NCCN1C1CCN(CCC2COC3:C:C:C:C:C:3O2)CC1,1,0.87,1,0.9988281,1,False,False,False,False,False,False,False,True,False,False,331.4160000000001,1.7060999999999997,54.040000000000006,1,4,4,4,0,0.9124772442942276
CCC1(CC)C(=O)NC(=O)NC1=O,1,0.89,1,0.9352395,1,False,False,False,False,False,False,False,True,False,False,184.195,0.15879999999999994,75.27000000000001,2,3,2,1,0,0.6000294014636102
C[N+](C)([O-])CC/C=C1/C2:C:C:C:C:C:2C=CC2:C(Cl):C:C:C:C:21,1,0.87,1,0.99319637,1,False,False,False,False,False,False,False,True,False,False,325.83900000000006,5.219800000000005,23.06,0,1,3,3,1,0.47799908827073323
NC1:N:C(=O):C2:N:C:N(CC[C@@H](O)CO):C:2:[NH]:1,1,0.55,1,0.62375736,1,False,False,False,False,False,False,False,False,False,False,239.23499999999999,-1.5549000000000006,130.05,4,6,4,2,0,0.5104496132472172
CC(C)(C)[C@]1(O)CCN2C[C@H]3C4:C:C:C:C:C:4CCC4:C:C:C:C(:C:43)[C@@H]2C1.[Cl-].[H+],1,0.834,1,0.9991211,1,False,False,False,False,False,False,False,True,False,False,397.9900000000002,1.9612999999999998,23.47,1,2,0,5,0,0.7341980902505179
CC(NCCN1:C:N:C2:C:1:C(=O):N(C):C(=O):N:2C)C(O)C1:C:C:C:C:C:1,1,0.564,1,0.033395987,0,False,True,False,False,False,True,False,True,True,False,357.41400000000004,0.14540000000000047,94.08,2,5,6,3,0,0.6547382951441181
CN(C)C(=O)OC1N=C(C2:C:C:C:C:C:2)C2:C:C(Cl):C:C:C:2N(C)C1=O,1,0.796,1,0.98920727,1,False,False,False,False,False,False,False,True,False,False,371.8240000000001,3.1781000000000015,62.21000000000001,0,4,2,3,0,0.8140970679577941
CCCCC1(CCOC(N)=O)C(=O)NC(=O)NC1=O,1,0.596,1,0.38686526,0,False,True,False,False,False,True,False,False,True,False,271.27299999999997,0.014399999999999913,127.59,3,5,6,1,0,0.5863462323304868
NC(=O)CN1CC2:C:C:C:C:C:2OC1=O,1,0.944,1,0.99665314,1,False,False,False,False,False,False,True,True,False,False,206.20099999999996,0.4863,72.63,1,3,2,2,0,0.7647042212700311
COCC1:C(C(C)C):N:C(C(C)C):C(/C=C/[C@@H](O)C[C@@H](O)CC(=O)O):C:1C1:C:C:C(F):C:C:1,1,0.458,0,0.48458284,0,True,True,False,True,False,True,False,False,False,False,459.5580000000002,4.8807000000000045,99.88000000000001,3,5,11,2,0,0.442845274404938
CC1:C:C(C):C(=O):[NH]:N:1,1,0.858,1,0.9909456,1,False,False,False,False,False,False,False,True,False,False,124.143,0.3867399999999999,45.75,1,2,0,1,0,0.5433088794895109
OC[C@@H](O)[C@H]1OC2O[C@H](C(Cl)(Cl)Cl)O[C@@H]2[C@H]1O,1,0.548,1,0.9121343,1,False,False,False,False,False,False,False,True,False,False,309.52900000000005,-0.46290000000000026,88.38000000000001,3,6,2,2,0,0.5982051890137444
COCC1CN(C2:C:C:C(OCC3:C:C:C:C(C#N):C:3):C:C:2)C(=O)O1,1,0.824,1,0.9320309,1,False,False,False,False,False,False,False,True,False,False,338.36300000000006,3.108880000000002,71.79,0,5,6,3,0,0.8091238644914096
COC1:C:C(/C=C/C(=O)N2CCCCCCC2):C:C(OC):C:1OC,1,0.932,1,0.99956316,1,False,False,False,False,False,False,True,True,False,False,333.428,3.5183000000000026,48.0,0,4,5,2,0,0.7737070156923602
N#CCCN1C(=O)C(O)N=C(C2:C:C:C:C:C:2F)C2:C:C(Cl):C:C:C:21,1,0.764,1,0.71673465,1,False,False,False,False,False,False,False,False,False,False,357.772,2.8951800000000008,76.69,1,4,3,3,0,0.9171302539996772
CN1CCC2=C(CC1)C1:C:C(C#N):C:C:C:1SC1:C:C:C:C:C:12,1,0.976,1,0.9997788,1,False,False,False,False,False,False,True,True,False,False,318.44500000000005,4.659280000000003,27.03,0,3,0,4,0,0.7067108427234166
COC1:C:C(N):C(Cl):C:C:1C(=O)NC1CCN(CC2:C:C:C:C:C:2)CC1,1,0.908,1,0.9987577,1,False,False,False,False,False,False,True,True,False,False,373.8840000000002,3.3252000000000024,67.58999999999999,2,4,5,3,0,0.78874496828116
CCC1:C:C2:C(:S:1)N(C)C(=O)CN=C2C1:C:C:C:C:C:1Cl,1,0.96,1,0.999884,1,False,False,False,False,False,False,True,True,False,False,318.82899999999995,3.777700000000003,32.67,0,3,2,3,0,0.8291279321976416
CN(C)CCC=C1C2:C:C:C:C:C:2C=CC2:C:C:C:C:C:21,1,0.992,1,0.99930024,1,False,False,False,False,False,False,True,True,False,False,275.39500000000004,4.553800000000004,3.24,0,1,3,3,0,0.6773504085567709
C/C(=C1/CCOC(=O)S1)N(C=O)CC1:C:N:C(C):N:C:1N,1,0.822,1,0.9996125,1,False,False,False,False,False,False,False,True,False,False,308.36300000000006,1.83062,98.41,1,7,4,2,0,0.6688640563311474
OC(C1=NCCN1)(C1:C:C:C(Cl):C:C:1)C1:C:C:C:C:N:1,1,0.836,1,0.0533966,0,False,True,False,False,False,True,False,True,True,False,287.75,1.9725999999999997,57.510000000000005,2,4,3,3,0,0.907388183732892
O=C1CN(O)C(C2:C:C:C:C:C:2)=C2:C:C(Cl):C:C:C:2=N1,1,0.882,1,0.9984028,1,False,False,False,False,False,False,False,True,False,False,286.718,1.3475000000000001,52.900000000000006,1,3,1,3,0,0.8608432096663471
CNCCC(OC1:C:C:C:C2:C:C:C:C:C:1:2)C1:C:C:C:S:1,1,0.908,1,0.9918652,1,False,False,False,False,False,False,True,True,False,False,297.423,4.630900000000003,21.259999999999998,1,3,6,3,0,0.7159243797705693
CC1:N:C:C:N:1C(C)C1:C:C:C:C:C:1,1,0.854,1,0.9923968,1,False,False,False,False,False,False,False,True,False,False,186.258,2.8008200000000008,17.82,0,1,2,2,0,0.7048070332851615
CCS(=O)(=O)CCN1C(=O)CN=C(C2:C:C:C:C:C:2F)C2:C:C(Cl):C:C:C:21,1,0.88,1,0.99969625,1,False,False,False,False,False,False,False,True,False,False,408.8820000000001,3.097800000000002,66.81,0,4,5,3,0,0.7630476683089961
CCCCNCC1COC2:C:C:C:C(OCC):C:2O1.[Cl-].[H+],1,0.844,1,0.9965731,1,False,False,False,False,False,False,False,True,False,False,301.8139999999999,-0.2686999999999984,39.72,1,4,7,2,0,0.7041134367580367
COC1:C:C:C(OCC2CN(C)CCC2C2:C:C:C:C:C:2):C:C:1,1,0.926,1,0.94499093,1,False,False,False,False,False,False,True,True,False,False,311.42499999999995,3.8095000000000026,21.700000000000003,0,3,5,3,0,0.8379274465244386
CCNC1=NC(=O)C(C2:C:C:C:C:C:2)O1,1,0.928,1,0.99167997,1,False,False,False,False,False,False,True,True,False,False,204.229,1.2500000000000002,50.69,1,3,2,2,0,0.7883421890802553
CC1(C)O[C@@H]2CC3C4C[C@H](F)C5=CC(=O)C=CC5(C)[C@@]4(Cl)C(Cl)CC3(C)[C@]2(C(=O)CO)O1,1,0.942,1,0.9999105,1,False,False,False,False,False,False,True,True,False,False,487.39500000000027,3.882600000000003,72.83000000000001,1,5,2,5,0,0.5990285726675203
C[C@]12C[C@H](O)[C@@]3(F)[C@@H](CCC4=CC(=O)CC[C@@]43C)[C@@H]1CC[C@]2(O)C(=O)CO,1,0.622,1,0.7236545,1,False,False,False,False,False,False,False,False,False,False,380.45600000000013,1.8737,94.83,3,5,2,4,0,0.6798949641188835
CC(=O)OCC(=O)[C@@]1(O)CC[C@H]2[C@@H]3CCC4=CC(=O)CC[C@]4(C)[C@@]3(F)[C@@H](O)C[C@@]21C,1,0.946,1,0.9999814,1,False,False,False,False,False,False,True,True,False,False,422.4930000000002,2.4445000000000006,100.90000000000002,2,6,3,4,0,0.6778330887220734
CC1:C:C2:C(:S:1)=NC1:C:C:C(F):C:C:1NC=2N1CCN(C)CC1,1,0.93,1,0.9999634,1,False,False,False,False,False,False,True,True,False,False,330.4320000000002,1.8855200000000003,30.870000000000005,1,5,1,4,0,0.8661974574356659
COC(OC)C(=O)[C@@]12OC(C)(C)O[C@@H]1CC1C3C[C@H](F)C4=CC(=O)C=CC4(C)[C@@]3(F)C(O)CC12C,1,0.916,1,0.99999917,1,False,False,False,False,False,False,True,True,False,False,496.54700000000025,2.993400000000001,91.29,1,7,4,5,0,0.5986285372956529
C[C@H]1C2:C:C:C:C:C:2[C@@H](CCCN(C)C)C2:C:C(C(F)(F)F):C:C:C:21,1,0.914,1,0.9998877,1,False,False,False,False,False,False,True,True,False,False,347.4239999999999,5.644300000000006,3.24,0,1,4,3,1,0.6912403300796615
CN1C(=O)C(O)N=C(C2:C:C:C:C:C:2F)C2:C:C(Cl):C:C:C:21,1,0.796,1,0.76023954,1,False,False,False,False,False,False,False,False,False,False,318.73500000000007,2.611300000000001,52.900000000000006,1,3,1,3,0,0.8784655827246939
CCOC(=O)C1:C:N:C:N:1C(C)C1:C:C:C(F):C:C:1,1,0.804,1,0.9882488,1,False,False,False,False,False,False,False,True,False,False,262.284,2.808200000000001,44.12,0,3,4,2,0,0.7957287192938972
OC(CCCN1CCC2:C(:C3:C:C(F):C:C:C:3:N:2C2:C:C:C(F):C:C:2)C1)C1:C:C:C(F):C:C:1,1,0.744,1,0.9988663,1,False,False,False,False,False,False,False,True,False,False,450.50400000000013,5.919700000000005,28.4,1,2,6,5,1,0.39505790645768835
CP(C)(=O)CN1C(=O)CN=C(C2:C:C:C:C:C:2)C2:C:C(Cl):C:C:C:21,1,0.92,1,0.99990034,1,False,False,False,False,False,False,True,True,False,False,360.7810000000001,4.104200000000003,49.74,0,3,3,3,0,0.7734846767657693
C/C(=C(/CCO)SSCC1CCCO1)N(C=O)CC1:C:N:C(C):N:C:1N,1,0.666,1,0.99914193,1,False,False,False,False,False,False,False,True,False,False,398.55400000000014,2.49992,101.57000000000001,2,8,10,2,0,0.45782310170697527
CCC12CCN(CC3CC3)C(CC3:C:C:C(O):C:C:31)C2(C)C,1,0.962,1,0.99999094,1,False,False,False,False,False,False,True,True,False,False,299.4580000000001,4.106600000000004,23.47,1,2,3,4,0,0.9077907097451023
FC1:C:C:C2:[NH]:C3:C(:C:2:C:1)CN(CCCC1:C:C:C:N:C:1)CC3,1,0.944,1,0.99938667,1,False,False,False,False,False,False,True,True,False,False,309.38800000000003,3.6929000000000016,31.92,1,2,4,4,0,0.7968114726398023
C[N+](C)([O-])CCCN1C2:C:C:C:C:C:2CCC2:C:C:C:C:C:21,1,0.92,1,0.97851926,1,False,False,False,False,False,False,True,True,False,False,296.41400000000004,3.8876000000000026,26.299999999999997,0,2,4,3,0,0.6318517900046072
CN[C@@H]1C[C@@H](C2:C:C:C(Cl):C(Cl):C:2)C2:C:C:C:C:C:21.[Cl-].[H+],1,0.932,1,0.999464,1,False,False,False,False,False,False,True,True,False,False,328.67,1.9060000000000004,12.03,1,1,2,3,0,0.887837782238026
CC1:C:C(C(=O)NNCC2:C:C:C:C:C:2):N:O:1,1,0.898,1,0.957782,1,False,False,False,False,False,False,False,True,False,False,231.25500000000002,1.4176199999999997,67.16,2,4,4,2,0,0.7807773221849421
CCC(=O)C1(C2:C:C:C:C(O):C:2)CCN(C)CC1,1,0.84,1,0.9995596,1,False,False,False,False,False,False,False,True,False,False,247.33799999999994,2.3347000000000007,40.54,1,3,3,2,0,0.8909068281271513
CN(CCCN1C2:C:C:C:C:C:2CCC2:C:C:C:C:C:21)CC(=O)C1:C:C:C(Cl):C:C:1.[Cl-].[H+],1,0.834,1,0.9996432,1,False,False,False,False,False,False,False,True,False,False,455.42900000000014,2.8980000000000024,23.55,0,3,7,4,0,0.5123412830788678
CN1C(=O)C(O)N=C(C2:C:C:C:C:C:2Cl)C2:C:C(Cl):C:C:C:21,1,0.84,1,0.73885286,1,False,False,False,False,False,False,False,False,False,False,335.1900000000001,3.1256000000000013,52.900000000000006,1,3,1,3,0,0.8705347056850515
CN1CCN(C2=NC3:C:C:C:C:C:3OC3:C:C:C(Cl):C:C:32)CC1,1,0.962,1,0.9996345,1,False,False,False,False,False,False,True,True,False,False,327.8150000000001,3.7714000000000025,28.07,0,4,0,4,0,0.7369928778519519
CN1C2:C:C(F):C:C:C:2C(C2:C:C:C:C:C:2)=NCC1CNC(=O)C1:C:C:O:C:1,1,0.836,1,0.99962306,1,False,False,False,False,False,False,False,True,False,False,377.41900000000015,3.504500000000002,57.84,1,4,4,4,0,0.7570749038357139
C[C@@H]1N=C(C2:C:C:C:C:C:2Cl)C2:C:C([N+](=O)[O-]):C:C:C:2NC1=O,1,0.808,1,0.9706727,1,False,False,False,False,False,False,False,True,False,False,329.743,3.4262000000000024,84.6,1,4,2,3,0,0.6762936072282916
CCC1(CC)C(=O)NC(=O)N(C)C1=O,1,0.924,1,0.99361235,1,False,False,False,False,False,False,True,True,False,False,198.22199999999998,0.5009999999999999,66.48,1,3,2,1,0,0.6569080951365892
CC1:C:C:C2:C(:C:1)C(N1CCN(C)CC1)=NC1:C:C:C:C:C:1S2,1,0.98,1,0.99979836,1,False,False,False,False,False,False,True,True,False,False,323.465,3.785320000000003,18.84,0,4,0,4,0,0.7350277559573194
NC1=NC(C(F)(F)F)(C(F)(F)F)NC1(C(F)(F)F)C(F)(F)F,1,0.706,1,0.9999925,1,False,False,False,False,False,False,False,True,False,False,357.09799999999996,2.6311,50.41,2,3,0,1,0,0.655301426193612
CC1(C2:C:C:C:C:C:2)CC(=O)N(CN2CCOCC2)C1=O,1,0.918,1,0.9999658,1,False,False,False,False,False,False,True,True,False,False,288.347,0.9929000000000001,49.85,0,4,3,3,0,0.778479530428075
COCN1C(=O)CN=C(C2:C:C:C:C:C:2)C2:C:C([N+](=O)[O-]):C:C:C:21,1,0.838,1,0.9997211,1,False,False,False,False,False,False,False,True,False,False,325.32400000000007,2.3827,85.03999999999999,0,5,4,3,0,0.6378785767590403
CC1=CC(=C2C=CC(=O)C=C2)NN=C1NCCN1CCOCC1,1,0.816,1,0.99969006,1,False,False,False,False,False,False,False,True,False,False,314.3890000000002,0.7203999999999999,65.96000000000001,2,6,3,3,0,0.8034872110900627
CCCCCCCCCCCCCC(=O)O[C@H]1C=C[C@H]2[C@H]3CC4:C:C:C(OCC5:C:C:C:C:C:5):C5:C:4[C@@]2(CCN3C)[C@H]1O5,1,0.626,1,0.9991233,1,False,False,False,False,False,False,False,True,False,False,585.8290000000002,8.323500000000008,48.0,0,5,16,6,2,0.1126198694436222
CCCCCC(C)C(C)C1:C:C(OC(=O)CCCN2CCCCCC2):C2:C(:C:1)OC(C)(C)C1=C2CC(C)CC1,1,0.566,1,0.9999982,1,False,False,False,False,False,False,False,True,False,False,537.8290000000003,9.312700000000001,38.769999999999996,0,4,11,4,2,0.16009985409277414
C[C@]12C[C@H](O)[C@@]3(F)[C@@H](CCC4=CC(=O)C=C[C@@]43C)[C@@H]1C[C@H]1CC3:C:C:C:C:C:3C[C@]12C(=O)CO.O,1,0.852,1,0.9919538,1,False,False,False,False,False,False,False,True,False,False,482.5920000000003,3.105200000000002,106.1,2,4,2,6,0,0.6755665764295385
C/C=C\C1O[C@]2(C(=O)COC(=O)C3:C:C:N:C:C:3)CC[C@@]3(O1)[C@@H]1CCC4=CC(=O)CC[C@]4(C)[C@H]1[C@@H](O)C[C@]23C,1,0.782,1,0.9310859,1,False,False,False,False,False,False,False,True,False,False,535.6370000000005,4.120600000000004,112.02000000000002,1,8,5,6,1,0.44274846577893673
NC(=O)C1:C:C:C:N:C:1,1,0.922,1,0.98828644,1,False,False,False,False,False,False,True,True,False,False,122.12699999999997,0.18050000000000016,55.980000000000004,1,2,1,1,0,0.5772627921564857
CCN(CC)C(=O)C1:C:C:C:N:C:1,1,0.914,1,0.99877924,1,False,False,False,False,False,False,True,True,False,False,178.235,1.5636,33.2,0,2,3,1,0,0.703412369622264
CN1C(=O)CN=C(C2:C:C:C:C:C:2)C2:C:C([N+](=O)[O-]):C:C:C:21,1,0.91,1,0.99952066,1,False,False,False,False,False,False,True,True,False,False,295.29800000000006,2.4086000000000007,75.81,0,4,2,3,0,0.6303314667677087
CCCCCCCCCNC1:N:C:N:C2:[NH]:C:C:C:1:2,1,0.822,1,0.99963653,1,False,False,False,False,False,False,False,True,False,False,260.38500000000005,4.120400000000003,53.6,2,3,9,2,0,0.6667362191188955
CN(C)CCON=C1C2:C:C:C:C:C:2CCC2:C:C:C:C:C:21,1,0.96,1,0.9983796,1,False,False,False,False,False,False,True,True,False,False,294.398,3.115800000000002,24.83,0,3,4,3,0,0.6391562047244217
CNCCC=C1C2:C:C:C:C:C:2C2CC2C2:C:C:C:C:C:21,1,0.972,1,0.998626,1,False,False,False,False,False,False,True,True,False,False,275.395,4.312300000000003,12.03,1,1,3,4,0,0.8229478476899434
O=C(NC(=O)C1:C:C:C:C:C:1)NC1CCN(CC2:C:C:C3:C:C:C:C:C:3:C:2)CC1,1,0.818,1,0.8844323,1,False,False,False,False,False,False,False,False,False,False,387.4830000000001,3.943800000000003,61.440000000000005,2,3,4,4,0,0.7127291368404797
O=C(C1:C:C:C:C:N:1)N1CCN(CC2:C:C:C:C:C:2)CC1,1,0.944,1,0.9983211,1,False,False,False,False,False,False,True,True,False,False,281.35900000000004,2.0396,36.440000000000005,0,3,3,3,0,0.8636026583497495
CCC[C@]1(C2:C:C:C:C(O):C:2)CCN(C)C[C@@H]1C,1,0.954,1,0.9948265,1,False,False,False,False,False,False,True,True,False,False,247.38199999999995,3.4017000000000017,23.47,1,2,3,2,0,0.8845869565176264
CN(C)CCC1(C)OCCC2=C1C1:C:C:C:C:C:1C2,1,0.964,1,0.9997061,1,False,False,False,False,False,False,True,True,False,False,257.37699999999995,3.1270000000000016,12.47,0,2,3,3,0,0.8246313278296589
CC(C)(C)C(=O)OC1N=C(C2:C:C:C:C:C:2)C2:C:C(Cl):C:C:C:2NC1=O,1,0.69,1,0.6360546,1,False,False,False,False,False,False,False,False,False,False,370.83600000000007,4.044900000000003,67.75999999999999,1,4,2,3,0,0.8108490011106948
C=C1CC2C3CCC4=CC(=O)C=CC4(C)C3C(O)CC2(C)C1(O)C(=O)CO,1,0.46,0,0.99430084,1,True,False,False,True,False,False,False,True,True,False,372.4610000000002,1.7236999999999996,94.83,3,5,2,4,0,0.6418402177877373
O=C1CN=C(C2:C:C:C:C:C:2F)C2:C:C(Cl):C:C:C:2N1CC(O)CO,1,0.712,1,0.9682359,1,False,False,False,False,False,False,False,True,False,False,362.78800000000007,2.0163000000000006,73.13000000000001,2,4,4,3,0,0.8735534306072876
CC(CN1C(=O)C2:C:C:C:N:C:2NC2:C:C:C:C:C:21)N(C)C,1,0.934,1,0.99985945,1,False,False,False,False,False,False,True,True,False,False,296.374,2.735500000000001,48.470000000000006,1,4,3,3,0,0.9458926406028382
CN(C)CCC=C1C2:C:C:C:C:C:2SC2:C:C:C:C:C:21,1,0.994,1,0.9994604,1,False,False,False,False,False,False,True,True,False,False,281.42400000000004,4.534600000000004,3.24,0,2,3,3,0,0.6934192475922085
C=CCC1(CC(C)O)C(=O)NC(=O)NC1=O,1,0.658,1,0.80491483,1,False,False,False,False,False,False,False,False,False,False,226.23199999999997,-0.3142,95.5,3,4,4,1,0,0.4521631201321489
C1:C:C:C2:O:C(C3:C:C:N:C:C:3):C:C:2:C:1,1,0.788,1,0.96765333,1,False,False,False,False,False,False,False,True,False,False,195.22099999999998,3.4948000000000015,26.03,0,2,1,3,0,0.5936046836183696
OCCOCCN1CCN(C2=NC3:C:C:C:C:C:3SC3:C:C:C:C:C:32)CC1,1,0.936,1,0.99563885,1,False,False,False,False,False,False,True,True,False,False,383.51700000000017,2.8560000000000016,48.300000000000004,1,6,5,4,0,0.8048695029648197
CN(C)CCOC1(CC2:C:C:C:C:C:2)CC2CCC1(C)C2(C)C,1,0.882,1,0.9999901,1,False,False,False,False,False,False,False,True,False,False,315.5010000000001,4.392300000000004,12.47,0,2,6,3,0,0.771627024806607
C#CCN[C@@H]1CCC2:C:C:C:C:C:21,1,0.964,1,0.9888164,1,False,False,False,False,False,False,True,True,False,False,171.243,1.8967,12.03,1,1,2,2,0,0.6700261204475028
CON=C(C#N)C1CN2CCC1CC2,1,0.808,1,0.9998522,1,False,False,False,False,False,False,False,True,False,False,193.24999999999994,0.8541800000000002,48.62,0,4,2,3,0,0.48236134439832545
CCCCCCN1CCC(C(=O)N(C)CC)(C2:C:C:C:C:C:2)CC1,1,0.954,1,0.9999809,1,False,False,False,False,False,False,True,True,False,False,330.5160000000001,4.078800000000004,23.550000000000004,0,2,8,2,0,0.6706363700324794
CN1CCC2=C(C1)C1:C:C:C:C:C:1CC1:C:C:C:C:C:12,1,0.984,1,0.99990606,1,False,False,False,False,False,False,True,True,False,False,261.368,3.837100000000003,3.24,0,1,0,4,0,0.6962562406518039
O=C(CCCN1CCC2(CC1)C(=O)NCN2C1:C:C:C:C:C:1)C1:C:C:C(F):C:C:1,1,0.946,1,0.99974483,1,False,False,False,False,False,False,True,True,False,False,395.47800000000007,3.217100000000001,52.650000000000006,1,4,6,4,0,0.7634482407563192
C/C(=C/CCN1CCC2(CC1)C(=O)NCN2C1:C:C:C:C:C:1)C1:C:C:C(F):C:C:1,1,0.96,1,0.9998098,1,False,False,False,False,False,False,True,True,False,False,393.5060000000001,4.047600000000003,35.580000000000005,1,3,5,4,0,0.8325706487119399
NS(=O)(=O)C1:C:C:C(N2CCCCS2(=O)=O):C:C:1,1,0.598,1,0.8202741,1,False,False,False,False,False,False,False,False,False,False,290.36599999999993,0.2639999999999998,97.53999999999999,1,4,2,2,0,0.8446185744476143
CCC(=O)N1CCN(C(=O)OC2C3=C(SCCS3)C(=O)N2C2:C:C:C3:C:C:C(Cl):N:C:3:N:2)CC1,1,0.578,1,0.03715316,0,False,True,False,False,False,True,False,True,True,False,520.0360000000002,3.338300000000002,95.94000000000001,0,8,3,5,1,0.569664393980387
CN1CCN(C(=O)OC2C3=C(SCCS3)C(=O)N2C2:C:C:C3:C:C:C(Cl):N:C:3:N:2)CC1,1,0.662,1,0.09059257,0,False,True,False,False,False,True,False,True,True,False,477.9990000000002,3.031500000000001,78.87,0,8,2,5,0,0.6105975432991555
CN1:C(=O):C2:C(:N:C:N:2CCN2CCC(C3:C:[NH]:C4:C:C:C:C:C:3:4)CC2):N(C):C:1=O,1,0.774,1,0.99984384,1,False,False,False,False,False,False,False,True,False,False,406.4900000000002,1.7945999999999995,80.85,1,4,4,5,0,0.5603857040002832
CNC1CCC(C2:C:C:C:C:C:2)C2:C:C:C:C:C:21,1,0.958,1,0.9985335,1,False,False,False,False,False,False,True,True,False,False,237.346,3.8728000000000034,12.03,1,1,2,3,0,0.8356584452334206
CCCC(CC)C1(CC)C(=O)NC(=O)NC1=O,1,0.798,1,0.7490788,1,False,False,False,False,False,False,False,False,False,False,240.303,1.5751,75.27000000000001,2,3,5,1,0,0.7162076332077046
CN(C)C1=NC(=O)C(C2:C:C:C:C:C:2)O1,1,0.934,1,0.9951416,1,False,False,False,False,False,False,True,True,False,False,204.229,1.2021,41.900000000000006,0,3,1,2,0,0.689927233655312
CN1C2:C:C:C:C:C:2C(NCCCCCCC(=O)O)C2:C:C:C(Cl):C:C:2S1(=O)=O,1,0.534,1,0.14527087,0,False,True,False,False,False,True,False,False,True,False,436.96100000000007,4.192600000000003,86.71000000000001,2,4,8,3,0,0.6055890008979128
S=C1NCCC(COC2:C:C:C:C:C:2)O1,1,0.88,1,0.9667283,1,False,False,False,False,False,False,False,True,False,False,223.29700000000003,1.7288,30.49,1,3,3,2,0,0.790511802848363
CCOC(=O)C1(C2:C:C:C:C:C:2)CCC=CC1N(C)C.[Cl-].[H+],1,0.772,1,0.9998399,1,False,False,False,False,False,False,False,True,False,False,309.83699999999993,-0.11579999999999835,29.54,0,3,4,2,0,0.5738372943159115
CN1CCN2C3:C:C(F):C:C:C:3C(C3:C:C:C:S:3)=NCC2C1,1,0.96,1,0.9999473,1,False,False,False,False,False,False,True,True,False,False,315.4170000000001,2.858600000000001,18.84,0,4,1,4,0,0.8057155456405761
CC(CC1:C:C:C:C:C:1)NCCC1C2:C:C:C:C:C:2SC2:C:C:C:C:C:21,1,0.89,1,0.9865747,1,False,False,False,False,False,False,False,True,False,False,359.538,5.8940000000000055,12.03,1,2,6,4,1,0.5884096247621053
CC1(C)O[C@@H]2CC3C4C[C@H](F)C5=CC(=O)C=CC5(C)[C@@]4(Cl)[C@@H](Cl)CC3(C)[C@]2(C(=O)CF)O1,1,0.912,1,0.9999993,1,False,False,False,False,False,False,True,True,False,False,489.38600000000025,4.859800000000004,52.60000000000001,0,4,2,5,0,0.5203896876718855
CC1(C)O[C@@H]2C[C@H]3C4C[C@H](F)C5=CC(=O)C=CC5(C)[C@@]4(Cl)[C@@H](Cl)CC3(C)[C@]2(C(=O)CCl)O1,1,0.886,1,0.9999994,1,False,False,False,False,False,False,False,True,False,False,505.84100000000024,5.129100000000005,52.60000000000001,0,4,2,5,2,0.4883812705614352
CC(C)[C@H](N)C(=O)OCCOCN1:C:N:C2:C(=O):N:C(N):[NH]:C:2:1,1,0.578,1,0.9794717,1,False,False,False,False,False,False,False,True,False,False,324.341,-0.7975999999999985,151.14000000000001,3,8,7,2,0,0.44214276395859164
CC(C)[C@H](N)C(=O)OCC(CO)OCN1:C:N:C2:C(=O):N:C(N):[NH]:C:2:1,1,0.41,0,0.78053516,1,True,False,False,True,False,False,False,False,True,False,354.3670000000001,-1.4366999999999974,171.37,4,9,8,2,0,0.41429377068433665
COC1:C:C:C(C(CN(C)C)C2(O)CCCCC2):C:C:1,1,0.834,1,0.91231257,1,False,False,False,False,False,False,False,True,False,False,277.4079999999999,3.0356000000000014,32.7,1,3,5,2,0,0.8976823731418611
CN1CCN(C(=O)OC2C3:N:C:C:N:C:3C(=O)N2C2:C:C:C(Cl):C:N:2)CC1,1,0.624,1,0.98899686,1,False,False,False,False,False,False,False,True,False,False,388.8150000000001,1.5679999999999998,91.75999999999999,0,7,2,4,0,0.7705081180627318
CCC(=O)OC1(C2:C:C:C:C:C:2)CCN(C)CC1C,1,0.95,1,0.9998684,1,False,False,False,False,False,False,True,True,False,False,261.36499999999995,2.806700000000001,29.54,0,3,3,2,0,0.7836008475925973
ClC1:C:C:C2:C(:C:1)C(N1CCNCC1)=NC1:C:C:C:C:C:1O2,1,0.948,1,0.99805593,1,False,False,False,False,False,False,True,True,False,False,313.788,3.4292000000000025,36.86,1,4,0,4,0,0.8093498766353517
CC1:C:C:C:C2:C:1OC1:C:C:C:C:C:1[C@@]1(O)CCN(C)C[C@@H]21,1,0.954,1,0.998963,1,False,False,False,False,False,False,True,True,False,False,295.38200000000006,3.4076200000000023,32.7,1,3,0,4,0,0.8082366349098744
C=CCC1(CC(=C)Br)C(=O)NC(=O)NC1=O,1,0.816,1,0.95626456,1,False,False,False,False,False,False,False,True,False,False,287.113,1.2135999999999998,75.27000000000001,2,3,4,1,0,0.6026122095371895
C=CCC1(CC(C)C)C(=O)NC(=O)NC1=O,1,0.858,1,0.89008915,1,False,False,False,False,False,False,False,False,False,False,224.26,0.9609999999999999,75.27000000000001,2,3,4,1,0,0.5513835393856523
CCCCNCC1COC2:C:C:C:C:C:2O1,1,0.924,1,0.9935487,1,False,False,False,False,False,False,True,True,False,False,221.29999999999998,2.2161,30.49,1,3,5,2,0,0.7732783443593066
FC1:C:C:C2:[NH]:C3:C(:C:2:C:1)CN(CCC1:C:C:N:C:C:1)CC3,1,0.958,1,0.99972945,1,False,False,False,False,False,False,True,True,False,False,295.36100000000005,3.3028000000000013,31.92,1,2,3,4,0,0.8037238211544504
O=C1NC(CCCl)OC2:C:C:C:C:C:21,1,0.876,1,0.9953805,1,False,False,False,False,False,False,False,True,False,False,211.64800000000002,1.7638,38.33,1,2,2,2,0,0.7575631429217322
CN(C)CCCN1C2:C:C:C:C:C:2CCC2:C:C:C(C#N):C:C:21,1,0.99,1,0.99946064,1,False,False,False,False,False,False,True,True,False,False,305.425,3.746680000000003,30.27,0,3,4,3,0,0.8616273574857513
CN1C(=O)CN2CCC3:C:C:C:C:C:3C2C2:C:C(Cl):C:C:C:21,1,0.978,1,0.9998286,1,False,False,False,False,False,False,True,True,False,False,312.80000000000007,3.2639000000000014,23.550000000000004,0,2,0,4,0,0.7452224527940338
CN1CCC(=C2C3:C:C:C:C:C:3OC3:C:C:C(Cl):C:C:32)CC1,1,0.956,1,0.9963773,1,False,False,False,False,False,False,True,True,False,False,311.81200000000007,4.973200000000004,12.47,0,2,0,4,0,0.5807467488111467
CN1CCN(C2=NC3:C:C:C:C:C:3SC3:C:C:C(Cl):C:C:32)CC1,1,0.986,1,0.99983966,1,False,False,False,False,False,False,True,True,False,False,343.8830000000001,4.1303000000000045,18.84,0,4,0,4,0,0.7163896237621907
NC1CCCC1C1:C:C:C:C:C:1,1,0.97,1,0.997888,1,False,False,False,False,False,False,True,True,False,False,161.248,2.2814000000000005,26.02,1,1,1,2,0,0.6715260386347125
CC1=NC2:C:C:C:C:C:2CC(C2:C:C:C:C:C:2)N1C,1,0.99,1,0.99972934,1,False,False,False,False,False,False,True,True,False,False,250.34499999999997,3.9657000000000027,15.6,0,2,1,3,0,0.7475180817902749
O=C1CN=C(C2:C:C:C:C:C:2Cl)C2:C:C(Cl):C:C:C:2N1,1,0.978,1,0.9978666,1,False,False,False,False,False,False,True,True,False,False,305.164,3.7829000000000015,41.46,1,2,1,3,0,0.8555651223791705
CC1:C:C:C2:C(:C:1)C1CN(C)CCC1N2,1,0.976,1,0.9996767,1,False,False,False,False,False,False,True,True,False,False,202.301,2.20822,15.27,1,2,0,3,0,0.6936086446451956
O=C1C(O)N=C(C2:C:C:C:C:C:2F)C2:C:C(Cl):C:C:C:2N1CCO,1,0.666,1,0.28823653,0,False,True,False,False,False,True,False,False,True,False,348.7610000000001,1.9738000000000002,73.13,2,4,3,3,0,0.8904019253267631
C=C1C2:C:C:C:C:C:2CN(CCCN(C)C)C2:C:C:C:C:C:21,1,0.99,1,0.99973065,1,False,False,False,False,False,False,True,True,False,False,292.42599999999993,4.019800000000004,6.48,0,2,4,3,0,0.8395416335416818
CCOC(=O)C1N=C(C2:C:C:C:C:C:2F)C2:C:C(Cl):C:C:C:2NC1=O,1,0.628,1,0.9016036,1,False,False,False,False,False,False,False,True,False,False,360.77200000000005,3.2003000000000013,67.75999999999999,1,4,3,3,0,0.6747919479809409
FC1:C:C:C:C:C:1C1=NCCN(CC(F)(F)F)C2:C:C:C(Cl):C:C:21,1,0.904,1,0.9994666,1,False,False,False,False,False,False,True,True,False,False,356.75000000000006,4.698800000000003,15.6,0,2,2,3,0,0.7121599941242313
CN1C(=O)CN=C(C2:C:C:C:C:C:2F)C2:C:C(Cl):C:C:C:21,1,0.974,1,0.9996656,1,False,False,False,False,False,False,True,True,False,False,302.73600000000005,3.292900000000002,32.67,0,2,1,3,0,0.7953754116327587
CN1CCN(C2=NC3:C:C(F):C:C:C:3CC3:C:C:C:C:C:32)CC1,1,0.982,1,0.9998222,1,False,False,False,False,False,False,True,True,False,False,309.3880000000001,3.055600000000002,18.84,0,3,0,4,0,0.7446866867853986
O=C(CCCN1CCC2(CC1)C(=O)NCN2C1:C:C:C(F):C:C:1)C1:C:C:C(F):C:C:1,1,0.86,1,0.99965036,1,False,False,False,False,False,False,False,True,False,False,413.4680000000001,3.356200000000002,52.650000000000006,1,4,6,4,0,0.7383068832147756
CN(C)CCC(C1:C:C:C:C:C:1)C1CCCCC1,1,0.858,1,0.99832016,1,False,False,False,False,False,False,False,True,False,False,245.40999999999994,4.302200000000004,3.24,0,1,5,2,0,0.7472311664825737
O=C1CN=C(C2:C:C:C:C:C:2)C2:C:C(Cl):C:C:C:2N1CC(F)(F)F,1,0.898,1,0.9998728,1,False,False,False,False,False,False,False,True,False,False,352.743,4.086300000000002,32.67,0,2,2,3,0,0.8010325134858471
CCC1(C2=CCCCCC2)C(=O)NC(=O)NC1=O,1,0.888,1,0.9684284,1,False,False,False,False,False,False,False,True,False,False,250.29799999999997,1.6392999999999995,75.27000000000001,2,3,2,2,0,0.5775654158834148
CCOC(=O)C1(C2:C:C:C:C(O):C:2)CCN(C)CC1,1,0.762,1,0.9990087,1,False,False,False,False,False,False,False,True,False,False,263.337,1.9186999999999999,49.77,1,4,3,2,0,0.8464656306495147
CN(C)CC#CC=C1C2:C:C:C:C:C:2C=CC2:C:C:C:C:C:21,1,0.956,1,0.9987931,1,False,False,False,False,False,False,True,True,False,False,285.39000000000004,4.167100000000003,3.24,0,1,1,3,0,0.6066326376960814
CC(C)NNC(=O)C1:C:C:N:C:C:1,1,0.864,1,0.90894276,1,False,False,False,False,False,False,False,True,False,False,179.223,0.7243999999999996,54.019999999999996,2,3,3,1,0,0.6722652900688486
C=C1CC2C3C=CC4=CC(=O)CCC4(C)C3C(O)CC2(C)[C@@]1(O)C(=O)CO,1,0.494,0,0.9983051,1,True,False,False,True,False,False,False,True,True,False,372.4610000000001,1.7236999999999996,94.83,3,5,2,4,0,0.6418402177877373
COC1:C:C:C(CCN2CCN(C3:C:C:C:C(Cl):C:3)CC2):C:C:1OC,1,0.938,1,0.9994105,1,False,False,False,False,False,False,True,True,False,False,360.88500000000016,3.7219000000000024,24.94,0,4,6,3,0,0.7834238428719573
COCC1CN=C(C2:C:C:C:C:C:2Cl)C2:C:C(Br):C:C:C:2N1C,1,0.966,1,0.99942374,1,False,False,False,False,False,False,True,True,False,False,393.71200000000005,4.4047000000000045,24.83,0,3,3,3,0,0.7716639937345975
CNC1CC2:C:C:C:C:C:2N(C)C2:C:C:C:C:C:21,1,0.944,1,0.9995159,1,False,False,False,False,False,False,True,True,False,False,238.33399999999997,3.2711000000000023,15.27,1,2,1,3,0,0.8199504685037801
COC(=O)C1:C:N:C:N:1C(C)C1:C:C:C:C:C:1,1,0.818,1,0.9885703,1,False,False,False,False,False,False,False,True,False,False,230.26700000000002,2.279,44.12,0,3,3,2,0,0.7596778277513749
C=CCC1(CC(C)(C)C)C(=O)NC(=O)NC1=O,1,0.846,1,0.624239,1,False,False,False,False,False,False,False,False,False,False,238.28699999999998,1.3510999999999997,75.27000000000001,2,3,3,1,0,0.5753708556988948
CC1:C:C2:C(:S:1)=NC1:C:C:C:C:C:1NC=2N1CCN(C)CC1,1,0.948,1,0.9999497,1,False,False,False,False,False,False,True,True,False,False,312.4420000000001,1.7464199999999999,30.870000000000005,1,5,1,4,0,0.8701892005334667
NC1:N:C(=O):C2:N:C:N(CCC(CO)CO):C:2:[NH]:1,1,0.532,1,0.5164526,1,False,False,False,False,False,False,False,False,False,False,253.26199999999997,-1.3073,130.05,4,6,5,2,0,0.5232780259906572
CC(C)CCNCC1COC2:C:C:C:C:C:2O1,1,0.914,1,0.9781829,1,False,False,False,False,False,False,True,True,False,False,235.327,2.4621000000000004,30.49,1,3,5,2,0,0.795237336195538
CN1CCC(=C2C3:C:C:C:C:C:3SC3:C:C:C:C:C:32)CC1,1,0.964,1,0.9990742,1,False,False,False,False,False,False,True,True,False,False,293.4350000000001,4.678700000000004,3.24,0,2,0,4,0,0.5919086002855983
CCOC(=O)C1(C2:C:C:C:C:C:2)CCN(CCCNC2:C:C:C:C:C:2)CC1,1,0.92,1,0.99966073,1,False,False,False,False,False,False,True,True,False,False,366.50500000000005,4.085500000000003,41.57,1,4,8,3,0,0.5644353165337911
C#CCN1C(=O)CN=C(C2:C:C:C:C:C:2)C2:C:C(Cl):C:C:C:21,1,0.97,1,0.999711,1,False,False,False,False,False,False,True,True,False,False,308.7680000000001,3.1572000000000022,32.67,0,2,2,3,0,0.7844421215880344
CCC(=O)OCC(=O)[C@@]12OC(C)(C)O[C@@H]1CC1C3C[C@H](F)C4=CC(=O)C=CC4(C)[C@@]3(F)C(O)CC12C,1,0.99,1,0.99999976,1,False,False,False,False,False,False,True,True,False,False,508.5580000000003,3.327700000000002,99.13000000000001,1,7,4,5,1,0.5818654169817311
CCCOC(=O)C1:C:N:C:N:1C(C)C1:C:C:C:C:C:1,1,0.824,1,0.98779756,1,False,False,False,False,False,False,False,True,False,False,258.321,3.0592000000000015,44.12,0,3,5,2,0,0.7741132939477597
C1:C:C:C2:C(:C:1)CCC1:C:C:C:C:C:1N2C1CN2CCC1CC2,1,0.668,1,0.9999207,1,False,False,False,False,False,False,False,True,False,False,304.4370000000001,4.017500000000003,6.48,0,2,1,6,0,0.7850000686326023
CC1:[NH]:N:C2:C:1N(C1:C:C:C:C:C:1)C(=O)CC(=O)N2C,1,0.94,1,0.9997503,1,False,False,False,False,False,False,True,True,False,False,270.292,1.7493199999999998,69.3,1,3,1,3,0,0.8025181240176167
CN(C1:N:C2:C:C:C:C:C:2:S:1)C1CCN(CC(O)COC2:C:C:C(F):C:C:2)CC1,1,0.822,1,0.98148084,1,False,False,False,False,False,False,False,True,False,False,415.53400000000016,3.7759000000000027,48.83000000000001,1,6,7,4,0,0.6365323006108387
C=CCC1(C(C)CC)C(=O)NC(=O)NC1=O,1,0.828,1,0.8027046,1,False,False,False,False,False,False,False,False,False,False,224.26,0.9609999999999999,75.27000000000001,2,3,4,1,0,0.5513835393856523
C1:C:S:C(CC2:C:C:C:C:C:2OCC2CNCCO2):C:1.O=C(O)/C=C\C(=O)O,1,0.538,1,0.9800136,1,False,False,False,False,False,False,False,True,False,False,405.47200000000015,2.4178999999999995,105.09000000000002,3,6,7,3,0,0.6077048887470983
CCCC1(C)COB(C2:C:C:C(C):C:C:2)OC1,1,0.92,1,0.99743795,1,False,False,False,False,False,False,True,True,False,False,232.13199999999998,2.5434200000000002,18.46,0,2,3,2,0,0.7453580109268675
COC1:C:C:C:C(C(=O)NC2C[C@@H]3CC[C@H](C2)N3CC2:C:C:C:C:C:2):C:1OC,1,0.92,1,0.9588163,1,False,False,False,False,False,False,True,True,False,False,380.4880000000001,3.6292000000000026,50.8,1,4,6,4,0,0.831489022888256
CN1C2:C:C:C:C:C:2C(C2:C:C:C:C:C:2Cl)=NCC1(Cl)CO,1,0.902,1,0.9993298,1,False,False,False,False,False,False,True,True,False,False,335.2340000000001,3.5546000000000038,35.83,1,3,2,3,0,0.6729183149517022
CC/C=C(\C)C1(CC)C(=O)NC(=O)NC1=O,1,0.884,1,0.7144517,1,False,False,False,False,False,False,False,False,False,False,224.26,1.1050999999999997,75.27000000000001,2,3,3,1,0,0.5565734109876053
C=CC1(C(C)CCC)C(=O)NC(=O)NC1=O,1,0.804,1,0.5676899,1,False,False,False,False,False,False,False,False,False,False,224.26000000000002,0.9609999999999999,75.27000000000001,2,3,4,1,0,0.5513835393856523
CC1:N:N(C):C2:C:1N(C1:C:C:C:C:C:1)C(=O)CC(=O)N2C,1,0.968,1,0.9998777,1,False,False,False,False,False,False,True,True,False,False,284.319,1.7597199999999997,58.440000000000005,0,3,1,3,0,0.7497275508277821
