feature,importance
TPSA,0.022833406575767788
NumHDonors,0.01750903044942809
VSA_EState3,0.01608625347340418
NumHeteroatoms,0.015022396220998985
MaxAbsPartialCharge,0.014224490468085316
EState_VSA1,0.013876824704489466
SMR_VSA1,0.01353622833665845
PEOE_VSA1,0.013477647566583728
NHOHCount,0.013409935237877951
MinPartialCharge,0.013295322524831411
EState_VSA10,0.013218611587827549
NOCount,0.012983346799153066
VSA_EState5,0.01122354262981583
NumHAcceptors,0.011055319345688784
PEOE_VSA10,0.010996395062277153
SlogP_VSA2,0.010954386626995237
qed,0.010134487039113316
MinEStateIndex,0.010064103266218725
MolLogP,0.008623536836086474
BCUT2D_MRLOW,0.007596446966325983
BCUT2D_CHGLO,0.007483733602300357
BCUT2D_CHGHI,0.00746600995544748
HeavyAtomMolWt,0.00716981766707856
MolWt,0.006921146986700847
VSA_EState2,0.0068582560483742665
LabuteASA,0.006811234652843207
BertzCT,0.006786707880138677
SPS,0.006671485799515433
HallKierAlpha,0.006523302868358656
fr_lactam,0.006341343523086447
BCUT2D_LOGPLOW,0.006264993078485234
fr_COO2,0.006101509501465279
Phi,0.006070294445921018
PEOE_VSA9,0.0059724565727726185
MaxEStateIndex,0.0058078164995259895
MaxPartialCharge,0.005776116954871286
Kappa1,0.005671560974877458
ExactMolWt,0.0056009874734621965
Kappa2,0.0055525541516519596
VSA_EState6,0.0054371444117293204
NumAtomStereoCenters,0.005435682635843947
MinAbsPartialCharge,0.005399149228550019
fr_COO,0.005319220368867131
BCUT2D_LOGPHI,0.00531051505001515
EState_VSA2,0.005258243331612448
Chi1,0.005209918805781786
MaxAbsEStateIndex,0.005191641091160267
Chi1v,0.005180515773427006
VSA_EState7,0.005129462890789161
Chi3v,0.005025506451515007
Kappa3,0.005018323048100204
BCUT2D_MWLOW,0.004933434228359946
SlogP_VSA3,0.004919280102935622
SMR_VSA10,0.004911298601256437
Chi2v,0.0049017940015573715
NumValenceElectrons,0.00477114830085615
Chi4v,0.004677521429487394
SMR_VSA3,0.004674093713008738
BCUT2D_MWHI,0.004673830814132199
VSA_EState4,0.004623904004553376
Chi3n,0.004575278069436959
MolMR,0.004490439746433728
BalabanJ,0.004452225270285888
PEOE_VSA7,0.004450261036590153
FractionCSP3,0.004399355191531302
Chi0n,0.004309087801383139
Chi0,0.004288867811149413
EState_VSA8,0.0042705788846273355
SlogP_VSA1,0.0042506042520263345
Chi0v,0.004223502918805796
MinAbsEStateIndex,0.004197961297841125
Chi2n,0.00416028192012296
BCUT2D_MRHI,0.004110309818077236
PEOE_VSA6,0.0040523440220860095
Chi4n,0.003949072209767556
HeavyAtomCount,0.0038642081232996197
VSA_EState8,0.003855518648113361
FpDensityMorgan3,0.0037617414338660176
PEOE_VSA8,0.003755874290479684
FpDensityMorgan1,0.0036734214781078776
EState_VSA4,0.003652245535474864
morgan_bit_807,0.003623542782194876
Chi1n,0.0036023190893455007
SMR_VSA5,0.003496729136213013
AvgIpc,0.0034873808120322097
VSA_EState1,0.003454557489886891
SlogP_VSA5,0.003297993103811767
NumAliphaticHeterocycles,0.003268057265825317
PEOE_VSA3,0.0032429739103952407
fr_Al_OH,0.003220305724291068
SMR_VSA7,0.0031798314514660626
FpDensityMorgan2,0.003128118606370826
SMR_VSA6,0.003114809412299657
fr_C_O,0.0031064979786002713
fr_Al_COO,0.0030913569871400355
EState_VSA5,0.0030847394817329825
SlogP_VSA10,0.0030370340519451505
NumRotatableBonds,0.00302878573965449
SlogP_VSA6,0.00298401881254597
EState_VSA3,0.002976821392211703
PEOE_VSA2,0.0029659054497128594
NumUnspecifiedAtomStereoCenters,0.0027294498283707653
NumHeterocycles,0.002705681956673417
VSA_EState9,0.0026978067197414696
fr_Al_OH_noTert,0.0026724314489276237
NumAliphaticRings,0.0026512374999021807
EState_VSA9,0.0025979851621514807
EState_VSA6,0.0025572819509390157
morgan_bit_5,0.002533326505547193
EState_VSA7,0.002518347053205942
morgan_bit_233,0.002507613592812428
NumSaturatedHeterocycles,0.0024646934839238454
fr_NH1,0.002386765269756776
PEOE_VSA12,0.0023391514591131874
SMR_VSA4,0.002334124905572883
NumAmideBonds,0.0023075354947852877
fr_amide,0.0022765032188647233
NumAliphaticCarbocycles,0.0022698508565833714
PEOE_VSA14,0.0022445969544647483
PEOE_VSA5,0.0021742079217289406
morgan_bit_456,0.0020839179020696315
fr_bicyclic,0.002055528081465063
SMR_VSA9,0.0020043869870937495
fr_C_O_noCOO,0.0020011007019943346
morgan_bit_1152,0.0019401769851927638
SlogP_VSA4,0.0018358841271026317
fr_sulfide,0.0018078659893425238
morgan_bit_387,0.0017667287109718116
PEOE_VSA11,0.0017615282282235013
RingCount,0.0017280722150473408
SlogP_VSA11,0.0016524466466917296
SlogP_VSA12,0.001640879567195687
fr_alkyl_halide,0.0016334971083787684
morgan_bit_1928,0.0015946761187476584
morgan_bit_1791,0.0015697925989335928
fr_NH0,0.001504269634221501
fr_Ar_N,0.0015037635829939276
fr_ether,0.0014978176308270725
NumSaturatedRings,0.0014969929583402285
fr_NH2,0.001452471173917559
VSA_EState10,0.0014388179522757257
morgan_bit_1145,0.0014327464823496539
PEOE_VSA13,0.0014320085958507145
fr_halogen,0.0014002598813343842
fr_phenol,0.0013818882669485455
fr_Ar_OH,0.0013552361540146718
NumSaturatedCarbocycles,0.0013551877187247398
NumAromaticRings,0.001336003672659187
morgan_bit_1183,0.001333928350643452
morgan_bit_1480,0.0012701199783633791
morgan_bit_926,0.0012621449870198363
morgan_bit_1602,0.0012598734160423025
fr_phenol_noOrthoHbond,0.0012215458158726985
morgan_bit_935,0.0012091997761313092
morgan_bit_1279,0.0011552805655695654
SlogP_VSA8,0.00114997672947928
fr_piperdine,0.0011278817255340097
fr_allylic_oxid,0.0011262206379448185
morgan_bit_673,0.0010817411978572954
fr_Ndealkylation2,0.0010800069855114558
morgan_bit_1,0.0010432906536603354
morgan_bit_1635,0.0010430092932155856
fr_benzene,0.0010407666822400343
NumAromaticHeterocycles,0.0010389365479534104
morgan_bit_84,0.0010195322741722455
morgan_bit_1171,0.0010110045423571284
morgan_bit_967,0.0010018307050722128
morgan_bit_1365,0.0009976465102518582
NumAromaticCarbocycles,0.0009713917856909452
morgan_bit_389,0.0009652048418495097
morgan_bit_622,0.0009632629406245148
morgan_bit_519,0.000962939419275669
morgan_bit_1047,0.0009530567271953704
fr_ketone,0.0009424400190353666
morgan_bit_1997,0.0009376418725038405
morgan_bit_1295,0.0009369613674232928
morgan_bit_1917,0.0009197416022371088
fr_Ar_COO,0.0009032973750168914
morgan_bit_1436,0.0008974981672517659
PEOE_VSA4,0.0008836014715221449
morgan_bit_1300,0.0008659923177237828
morgan_bit_573,0.000863577845489757
morgan_bit_408,0.0008536601697255563
fr_pyridine,0.000848800841436468
morgan_bit_675,0.0008223113204185639
morgan_bit_650,0.0008155015783038153
morgan_bit_588,0.0008102394664076349
morgan_bit_227,0.0007963044187474856
morgan_bit_1199,0.0007858007548576395
morgan_bit_1943,0.0007839386202003748
morgan_bit_87,0.0007838467348013248
morgan_bit_1019,0.0007790609927909846
morgan_bit_242,0.0007676053054508182
morgan_bit_1088,0.0007668409763595496
fr_imidazole,0.0007621761197045927
morgan_bit_1482,0.0007579321671807793
morgan_bit_1754,0.0007259987625529872
morgan_bit_1452,0.0007210867360257116
fr_Ar_NH,0.0007203619727247612
morgan_bit_314,0.0007183967771616164
morgan_bit_1778,0.000706144956685401
morgan_bit_787,0.0006925228314922366
fr_aniline,0.0006821823921019901
morgan_bit_529,0.0006783671413740671
morgan_bit_695,0.0006778034384889868
morgan_bit_182,0.0006585587526377611
morgan_bit_222,0.0006574239024490729
morgan_bit_1431,0.0006429213812191414
fr_Nhpyrrole,0.0006322276561275738
morgan_bit_1149,0.000630585723764026
morgan_bit_1750,0.0006301829432732213
morgan_bit_310,0.0006283800580590364
morgan_bit_1487,0.0006275631144033312
morgan_bit_1257,0.0006214617800287031
morgan_bit_331,0.0006200805343474954
morgan_bit_1738,0.0006154604138037962
fr_HOCCN,0.0006154258146457526
morgan_bit_781,0.0006143863618996531
fr_imide,0.000605670505480472
morgan_bit_1950,0.0006046758872145936
morgan_bit_745,0.0006013797781001181
morgan_bit_753,0.0005977579267582243
morgan_bit_80,0.0005967275596361588
morgan_bit_1057,0.0005854650478896984
morgan_bit_656,0.0005850539129461863
morgan_bit_1162,0.0005719696279351141
morgan_bit_875,0.0005717013652054749
morgan_bit_1060,0.0005685256130023481
morgan_bit_1911,0.0005672174908774425
morgan_bit_1325,0.000566463361385144
morgan_bit_504,0.000564826203173927
fr_piperzine,0.0005622751006295599
morgan_bit_77,0.000556331959285936
morgan_bit_18,0.0005448979379290853
morgan_bit_697,0.0005446844349242191
morgan_bit_147,0.0005425647098323837
morgan_bit_1476,0.0005422088158676952
morgan_bit_525,0.0005412061989347634
fr_ketone_Topliss,0.0005392567836205875
morgan_bit_2021,0.0005362205552538978
morgan_bit_639,0.0005350489580931528
fr_ArN,0.0005316290593964433
fr_para_hydroxylation,0.0005302564619300923
morgan_bit_1009,0.0005281558325022095
morgan_bit_1687,0.0005272489075620478
morgan_bit_74,0.0005258349836475126
morgan_bit_1150,0.0005219573998307127
morgan_bit_881,0.0005185550176972696
morgan_bit_555,0.000518391469403747
morgan_bit_725,0.0005108396660590171
fr_sulfonamd,0.0005087278217332852
SlogP_VSA7,0.00050823713874261
morgan_bit_1855,0.000507300504441152
morgan_bit_1921,0.0005067587660630099
morgan_bit_1866,0.0005043176051900021
fr_ester,0.0004977132890095435
morgan_bit_130,0.000489241026721833
morgan_bit_283,0.0004878068860240413
fr_quatN,0.00048500639531209633
fr_methoxy,0.00048260018422752464
morgan_bit_836,0.0004803529173820201
morgan_bit_691,0.00047808026246091474
morgan_bit_321,0.00047801138419250607
fr_aryl_methyl,0.00047590940853816993
morgan_bit_119,0.00047476640506540776
morgan_bit_378,0.00047227844679334355
morgan_bit_1489,0.0004685909407181337
morgan_bit_1381,0.0004673826325781697
morgan_bit_1386,0.00046641650314437137
morgan_bit_165,0.00046553846737665836
morgan_bit_1114,0.0004576843755657705
morgan_bit_936,0.00045676217251206164
morgan_bit_1607,0.00045582718962493485
morgan_bit_760,0.0004555170991664913
morgan_bit_216,0.00045532939893784096
morgan_bit_806,0.00045348304445694395
morgan_bit_1970,0.0004526118348617592
morgan_bit_1647,0.0004520856679876413
morgan_bit_739,0.0004420316910160382
morgan_bit_1274,0.0004354761308936217
morgan_bit_632,0.0004354587142355442
fr_urea,0.0004352939599626705
morgan_bit_1581,0.0004317292551783056
morgan_bit_1095,0.0004313140954650508
morgan_bit_1606,0.00042787350807444195
morgan_bit_925,0.00042717740314329516
morgan_bit_231,0.0004265925936383151
morgan_bit_1853,0.0004255789323096994
morgan_bit_13,0.00042553334261638293
morgan_bit_114,0.0004254567737489611
morgan_bit_1980,0.00042541050506030796
morgan_bit_1722,0.0004228167891263308
morgan_bit_392,0.0004226013321570971
morgan_bit_294,0.00042039772671971374
morgan_bit_325,0.0004185312022002653
morgan_bit_1017,0.00041776890128840773
morgan_bit_590,0.000411820206033694
morgan_bit_1827,0.00040238282189393617
morgan_bit_1210,0.00040231602745556956
morgan_bit_322,0.00040218827188638276
morgan_bit_913,0.00040015372249618965
morgan_bit_1194,0.00039840462730731226
morgan_bit_1470,0.00039829154850292743
morgan_bit_718,0.0003970811489848071
morgan_bit_486,0.0003945286097202438
morgan_bit_679,0.0003935597711683682
morgan_bit_1163,0.0003918796512644261
morgan_bit_140,0.0003916986908904147
morgan_bit_1205,0.0003896534843752772
morgan_bit_699,0.0003847674637180381
morgan_bit_841,0.0003841550989396419
morgan_bit_606,0.0003825299711111479
morgan_bit_561,0.0003813881153978173
morgan_bit_965,0.00038043053456496956
morgan_bit_1236,0.000371167883167839
morgan_bit_1873,0.0003701976728413308
NumSpiroAtoms,0.0003688666028091049
morgan_bit_352,0.00036643286056373044
morgan_bit_1110,0.0003641338482217324
morgan_bit_1670,0.0003630851694071846
morgan_bit_816,0.00035952006252914674
morgan_bit_1373,0.0003592178651641589
morgan_bit_1475,0.00035679298228585973
morgan_bit_105,0.00035336741000338616
morgan_bit_49,0.00035263504216450617
morgan_bit_556,0.0003519376522553716
morgan_bit_1683,0.0003497545485753416
morgan_bit_882,0.00034865005953078725
morgan_bit_1362,0.0003479154934359116
morgan_bit_1065,0.0003475172410377396
morgan_bit_845,0.00034746920821551014
morgan_bit_1357,0.00034560207963051873
morgan_bit_1768,0.0003451839792577087
morgan_bit_1604,0.0003450658173607369
fr_Imine,0.00034451104898311404
morgan_bit_350,0.0003439392721455489
morgan_bit_1028,0.0003431681324694143
morgan_bit_1975,0.00034276040245040954
morgan_bit_1027,0.00033960698463663785
morgan_bit_2041,0.00033938316597125254
morgan_bit_794,0.00033875052149901657
morgan_bit_713,0.00033852483717434914
morgan_bit_249,0.00033701202784551027
morgan_bit_32,0.0003359435559496712
morgan_bit_319,0.00033478733338677594
morgan_bit_197,0.0003346813434271419
morgan_bit_311,0.00033340624515306843
morgan_bit_953,0.00033305462430951847
morgan_bit_949,0.00033173151946598253
morgan_bit_1840,0.00033152194737733374
morgan_bit_1428,0.00033101042802697304
morgan_bit_1915,0.0003306177020551244
morgan_bit_274,0.00033042842274838303
morgan_bit_1099,0.00032961974187151134
fr_Ndealkylation1,0.0003287013511070124
morgan_bit_1261,0.0003282331734803342
morgan_bit_1380,0.000327994623822164
morgan_bit_252,0.0003275083638280109
NumBridgeheadAtoms,0.0003263243678129112
morgan_bit_1349,0.00032578953007709614
morgan_bit_1828,0.00032555950394067007
morgan_bit_1989,0.0003238191689904101
EState_VSA11,0.0003204191565299166
morgan_bit_1864,0.00031636474849019893
morgan_bit_1226,0.0003139169932628458
morgan_bit_1096,0.0003138259589478256
morgan_bit_90,0.00031352945076723474
morgan_bit_1126,0.0003133509411749129
morgan_bit_335,0.00031245623022074814
morgan_bit_237,0.0003110043188874377
morgan_bit_843,0.00031015347910132797
morgan_bit_658,0.00030981757040082097
morgan_bit_1417,0.00030900774174666076
morgan_bit_748,0.00030868906145942236
morgan_bit_786,0.0003053484276889048
morgan_bit_1762,0.000305112940422031
morgan_bit_384,0.0003037734228319931
morgan_bit_1564,0.00030370532702888296
morgan_bit_1747,0.00030307532231581004
morgan_bit_1603,0.00030225361908946567
morgan_bit_651,0.00030080001338846595
morgan_bit_744,0.0003006056639462995
morgan_bit_1308,0.0003005772376595791
fr_unbrch_alkane,0.00030049335212778265
morgan_bit_1457,0.0002997023494602274
morgan_bit_645,0.00029934316461414874
morgan_bit_351,0.0002981924724890181
morgan_bit_191,0.0002975589518664315
morgan_bit_61,0.0002970575157549269
morgan_bit_1463,0.00029692592612504527
morgan_bit_470,0.000295930782364309
morgan_bit_1896,0.000295561813086709
morgan_bit_849,0.00029373225584958425
morgan_bit_932,0.0002935132078255443
morgan_bit_1897,0.00029308164649505855
morgan_bit_1937,0.0002926644376760987
morgan_bit_833,0.00029073030380418017
morgan_bit_1227,0.0002889007832959883
morgan_bit_750,0.0002885149683862502
morgan_bit_453,0.000288295946554768
morgan_bit_1556,0.00028807880001974814
morgan_bit_803,0.0002878579181385231
morgan_bit_464,0.00028761445290862245
morgan_bit_1142,0.0002875844648241517
morgan_bit_1070,0.00028747411084437054
morgan_bit_116,0.00028673435360208503
morgan_bit_1286,0.0002839767179821316
morgan_bit_1745,0.00028280399844275966
morgan_bit_1907,0.00028258106021166065
morgan_bit_1385,0.00028208079458164347
morgan_bit_1168,0.0002812225794523362
morgan_bit_1332,0.00028111797932345024
morgan_bit_134,0.0002807471121630289
morgan_bit_51,0.00028034568290798324
morgan_bit_368,0.0002803220890501427
morgan_bit_834,0.0002800181927487958
morgan_bit_1434,0.00027964455161888247
morgan_bit_831,0.000278946637459981
morgan_bit_1998,0.00027704405077375407
morgan_bit_1531,0.0002765804945915338
morgan_bit_715,0.00027542804659326335
fr_priamide,0.00027441228551985085
morgan_bit_738,0.0002741853426155524
morgan_bit_1043,0.00027416644846345165
morgan_bit_102,0.00027341117791751063
morgan_bit_1522,0.000272510736434747
morgan_bit_821,0.00027024792820602744
morgan_bit_1101,0.0002698985835760423
morgan_bit_502,0.0002697451448642721
morgan_bit_798,0.0002693690410551983
morgan_bit_167,0.00026722036075457203
morgan_bit_988,0.00026705888865438264
morgan_bit_2004,0.000266719315728229
fr_guanido,0.0002664843342120842
morgan_bit_507,0.0002621757256336823
morgan_bit_75,0.0002619426107938249
morgan_bit_494,0.00026117037368204675
morgan_bit_1264,0.0002611028013378387
morgan_bit_591,0.0002606309589536689
morgan_bit_1154,0.00026021032533154624
morgan_bit_585,0.00025893964793114875
morgan_bit_1982,0.0002580643994154818
morgan_bit_1456,0.00025656582591238454
morgan_bit_1200,0.0002553082514910417
morgan_bit_1039,0.00025492700962121014
morgan_bit_1536,0.00025397210868884746
morgan_bit_1573,0.0002525840695996482
morgan_bit_1056,0.0002522823209956427
morgan_bit_1103,0.00025042764866109213
morgan_bit_1292,0.000249803238293543
morgan_bit_1599,0.000249237212151432
morgan_bit_1737,0.0002478783193972927
morgan_bit_307,0.0002457966552787301
morgan_bit_1182,0.0002453785992353819
morgan_bit_1508,0.0002445965407333981
morgan_bit_1938,0.00024449283350817634
morgan_bit_1884,0.00024439983700816147
morgan_bit_571,0.00024341048542252388
morgan_bit_118,0.00024266077210274517
morgan_bit_1788,0.00024261748139644594
morgan_bit_1313,0.00024175345004360382
morgan_bit_1582,0.00024171143577364566
morgan_bit_497,0.00024166392033970322
morgan_bit_1617,0.00024146572809461567
morgan_bit_1410,0.0002411475012913793
morgan_bit_1147,0.00024021535803144572
morgan_bit_1323,0.00024016005430103638
morgan_bit_694,0.00023898451567071595
morgan_bit_89,0.0002370367277581515
morgan_bit_698,0.00023568414534685448
morgan_bit_780,0.00023558440975344962
morgan_bit_1991,0.0002354848026539833
morgan_bit_1275,0.0002343935466692568
morgan_bit_873,0.00023437067334514507
morgan_bit_366,0.000234101810064481
morgan_bit_886,0.00023347887575070293
morgan_bit_1430,0.00023279302714034468
morgan_bit_1073,0.00023274209890385944
morgan_bit_984,0.00023224022880719968
morgan_bit_2018,0.00023209651378878742
morgan_bit_2017,0.00023178331582616128
morgan_bit_960,0.0002292957027204402
morgan_bit_1243,0.00022625862588203664
morgan_bit_552,0.0002255426604272659
NumRadicalElectrons,0.00022532426020718292
morgan_bit_1994,0.0002248598251655486
morgan_bit_1097,0.00022373539759824138
morgan_bit_1077,0.00022187800419621304
morgan_bit_562,0.00022177628904598335
morgan_bit_406,0.00022167274684299076
morgan_bit_1951,0.00022148012257833512
morgan_bit_1816,0.0002212524473053853
morgan_bit_207,0.00022102007892067725
morgan_bit_722,0.00022065586649519574
morgan_bit_652,0.00021963919384469422
morgan_bit_1609,0.0002187143381485463
morgan_bit_667,0.00021844636348139707
morgan_bit_762,0.00021825659152946534
morgan_bit_251,0.0002174624791669208
morgan_bit_1697,0.00021701619599994153
morgan_bit_1223,0.00021682752741516306
morgan_bit_530,0.00021677236757230214
morgan_bit_2,0.00021672744670654036
morgan_bit_1420,0.00021572664944099145
morgan_bit_226,0.00021484651756575754
morgan_bit_34,0.000213793466408548
morgan_bit_253,0.00021372820185702586
morgan_bit_295,0.00021155297342708617
morgan_bit_501,0.00021147452953773358
morgan_bit_280,0.00020973562190735332
morgan_bit_1720,0.00020865310044413882
morgan_bit_534,0.0002066646073493319
morgan_bit_1459,0.0002066291746878035
morgan_bit_1063,0.00020637562910831163
morgan_bit_27,0.00020601650036011158
morgan_bit_1525,0.0002052815622365926
morgan_bit_1809,0.00020506167308797515
morgan_bit_917,0.00020478699771647513
morgan_bit_567,0.0002044056222758392
morgan_bit_455,0.00020385098057193135
morgan_bit_1941,0.00020365370650407048
morgan_bit_940,0.00020343352408545005
morgan_bit_1948,0.00020261556284496978
morgan_bit_121,0.00020232203847880364
morgan_bit_1589,0.00020196578421202824
morgan_bit_407,0.0002014589529754435
morgan_bit_1448,0.00020032179706639476
morgan_bit_503,0.00019982850407184808
morgan_bit_220,0.00019974100694521526
morgan_bit_448,0.00019968923678466782
morgan_bit_1294,0.00019948278934080643
morgan_bit_1100,0.00019704333253040248
morgan_bit_460,0.00019664530794082585
morgan_bit_323,0.00019612946661499718
morgan_bit_1839,0.00019577054824805525
morgan_bit_1552,0.00019375650152666073
morgan_bit_245,0.00019297603311873337
morgan_bit_1797,0.00019287576794284236
morgan_bit_1307,0.0001927698068854861
morgan_bit_1612,0.0001925699454973797
morgan_bit_1115,0.00019234595422357758
morgan_bit_1160,0.0001909086542958646
morgan_bit_228,0.0001907220569749645
morgan_bit_2022,0.00018979807540991483
morgan_bit_1309,0.0001894389467349553
morgan_bit_1794,0.00018938823400578016
morgan_bit_1934,0.00018938026941242301
morgan_bit_342,0.00018897015491531232
morgan_bit_79,0.00018850299947207797
morgan_bit_1468,0.00018744380424993876
morgan_bit_908,0.00018695719181575105
morgan_bit_1654,0.000186349601494463
morgan_bit_88,0.00018580769896361257
morgan_bit_1280,0.00018530521778266286
morgan_bit_1936,0.00018525017360242546
morgan_bit_1422,0.00018516253027111882
morgan_bit_1207,0.000185062632937648
morgan_bit_1535,0.00018494599271160286
morgan_bit_974,0.0001842133347578546
morgan_bit_1971,0.0001841642167785729
morgan_bit_1665,0.00018387592510748181
fr_hdrzine,0.00018280924515850692
morgan_bit_628,0.00018269627213250396
morgan_bit_838,0.00018162716379653985
morgan_bit_1693,0.00018130569235448482
morgan_bit_1066,0.00018129847655602228
morgan_bit_577,0.00018123707268563073
morgan_bit_419,0.00018052466978065498
morgan_bit_1004,0.00018043542281870483
morgan_bit_70,0.00018031132681150497
morgan_bit_235,0.00018014658483262645
morgan_bit_693,0.00018013647142336983
morgan_bit_906,0.00018005036269654086
morgan_bit_653,0.00017984985213289316
morgan_bit_1440,0.00017890077641587548
morgan_bit_813,0.00017887601282666452
morgan_bit_430,0.0001781801196365074
morgan_bit_1664,0.00017802435064352305
morgan_bit_1892,0.00017713942787752636
morgan_bit_454,0.00017681523126762471
morgan_bit_469,0.00017665527505762276
morgan_bit_961,0.0001764145080630861
morgan_bit_316,0.00017593104217432305
morgan_bit_1375,0.00017569092237330902
morgan_bit_148,0.0001756831521896592
morgan_bit_1708,0.00017527724339807537
morgan_bit_1353,0.00017518495827041478
morgan_bit_805,0.00017445247650921334
morgan_bit_1597,0.0001743555583862742
morgan_bit_852,0.00017381529772792957
morgan_bit_240,0.00017329406822455206
morgan_bit_823,0.0001732834991952856
morgan_bit_885,0.00017296726058115184
morgan_bit_315,0.00017196215432920556
morgan_bit_16,0.00017178624135147106
fr_thiazole,0.00017152740146982097
morgan_bit_1774,0.00017077461284704113
morgan_bit_1973,0.00016988358734801426
morgan_bit_1585,0.0001696401958599805
morgan_bit_724,0.0001695388831579356
morgan_bit_164,0.00016895074333575177
morgan_bit_1854,0.00016843050634486478
morgan_bit_598,0.00016830379322126045
morgan_bit_437,0.00016789568028194714
morgan_bit_367,0.00016777234756548538
morgan_bit_758,0.00016755507955912045
morgan_bit_859,0.0001670597366962356
morgan_bit_1651,0.00016704924999043152
morgan_bit_677,0.00016671576389529398
morgan_bit_1317,0.00016668836103648433
morgan_bit_31,0.00016632498590124153
morgan_bit_343,0.00016615160713410348
morgan_bit_1638,0.00016560902423563031
morgan_bit_94,0.00016552193179392649
morgan_bit_1036,0.0001654708056714263
morgan_bit_1744,0.00016513991723052013
morgan_bit_1391,0.00016479809500930881
morgan_bit_202,0.0001646029347914445
morgan_bit_137,0.00016388314566675386
morgan_bit_14,0.00016375377983000576
morgan_bit_1087,0.0001632590929286776
morgan_bit_1184,0.0001631897673858141
morgan_bit_601,0.00016304560215429266
morgan_bit_1729,0.00016238794082175148
morgan_bit_879,0.0001623300024003971
morgan_bit_1922,0.0001619169470305426
morgan_bit_1986,0.0001604141623557186
morgan_bit_62,0.0001603247415690026
morgan_bit_1876,0.00016017836161170436
morgan_bit_1844,0.00016007749980958896
morgan_bit_1192,0.00016002576728363062
morgan_bit_441,0.00015989386901362181
morgan_bit_1860,0.00015974149921302723
morgan_bit_362,0.00015960724105174714
morgan_bit_624,0.0001578620852929072
fr_dihydropyridine,0.00015723145948979176
morgan_bit_1660,0.00015694621485897573
morgan_bit_1109,0.00015689921168542565
morgan_bit_1700,0.00015638933437591327
morgan_bit_547,0.00015634081884056245
morgan_bit_1020,0.00015598114002697588
morgan_bit_1389,0.00015551536660189552
morgan_bit_1230,0.00015529743321759037
morgan_bit_305,0.0001548610262099115
morgan_bit_1265,0.0001547352735935652
morgan_bit_1992,0.0001544286748636167
morgan_bit_1302,0.00015441316187890422
morgan_bit_1696,0.00015414077700867126
morgan_bit_933,0.0001535420378708246
morgan_bit_1432,0.0001533842595087021
morgan_bit_1086,0.00015325258425002771
morgan_bit_1701,0.00015312382848745276
morgan_bit_638,0.0001527813987727299
morgan_bit_66,0.00015275415654562402
morgan_bit_633,0.00015270143128741435
morgan_bit_1831,0.00015256677469963252
morgan_bit_1912,0.0001525484919759601
morgan_bit_540,0.00015235709894150664
morgan_bit_1927,0.00015231913290220453
morgan_bit_1155,0.00015226159138781147
morgan_bit_1924,0.0001520729976973525
morgan_bit_1972,0.00015199101263211088
morgan_bit_684,0.00015196160787817894
morgan_bit_2044,0.00015180789992433078
morgan_bit_1898,0.00015162409927097368
morgan_bit_772,0.00015124476242173973
morgan_bit_1698,0.00015102060945997638
morgan_bit_989,0.00015054415145129374
morgan_bit_7,0.0001501326972862122
morgan_bit_1058,0.00014973086822037512
morgan_bit_782,0.00014919198562759673
morgan_bit_357,0.00014861307422385422
morgan_bit_682,0.0001483916169137202
morgan_bit_1120,0.00014822223053090057
morgan_bit_1209,0.00014757796791445198
morgan_bit_778,0.00014747335183848068
morgan_bit_473,0.0001473812449183868
morgan_bit_346,0.0001468718891463585
morgan_bit_994,0.00014664167350685067
morgan_bit_980,0.00014653714825447228
morgan_bit_1083,0.00014653023335880255
morgan_bit_1276,0.00014615710195278929
morgan_bit_69,0.00014566416237535125
morgan_bit_348,0.00014556308766726071
morgan_bit_826,0.0001454612046333075
morgan_bit_970,0.0001448085902163238
morgan_bit_500,0.00014446266746509953
morgan_bit_317,0.00014427919330239065
morgan_bit_1949,0.00014424274050337083
morgan_bit_1049,0.00014412390564521056
morgan_bit_1464,0.00014408835905493838
morgan_bit_1667,0.0001440354187773918
morgan_bit_976,0.00014395083714474188
morgan_bit_1167,0.00014363323218986976
morgan_bit_1511,0.0001434705707195409
morgan_bit_1879,0.00014344872374177385
morgan_bit_482,0.00014307301207194814
morgan_bit_1530,0.0001430377794315823
morgan_bit_397,0.00014279338624736498
morgan_bit_1681,0.00014223066493321816
morgan_bit_479,0.00014221462484843592
morgan_bit_1623,0.00014214689641858888
morgan_bit_1570,0.00014129747970507503
morgan_bit_850,0.0001408216562830697
morgan_bit_334,0.00014069340787716867
morgan_bit_729,0.00014034342826949847
morgan_bit_493,0.00013968671769272592
morgan_bit_721,0.00013948969325700334
morgan_bit_589,0.00013935847316208012
morgan_bit_1815,0.00013916610172925675
morgan_bit_1129,0.00013846051596879997
morgan_bit_120,0.0001380082216116951
morgan_bit_371,0.0001378829462330684
morgan_bit_516,0.00013762768632839115
morgan_bit_1978,0.00013741359620908798
morgan_bit_981,0.00013679901670213425
morgan_bit_1266,0.000135981399022381
fr_nitro,0.00013575219205268322
morgan_bit_1409,0.0001356109087805172
morgan_bit_1920,0.00013554241899764777
morgan_bit_1311,0.00013520399717486387
morgan_bit_1578,0.00013440368265929244
morgan_bit_8,0.00013418363148078285
morgan_bit_166,0.00013410695777892707
morgan_bit_313,0.0001338050782282543
morgan_bit_1823,0.00013375370463382377
morgan_bit_203,0.0001333316593086132
morgan_bit_1810,0.0001327957665946519
morgan_bit_465,0.00013270267199439348
morgan_bit_1849,0.00013247482287424955
morgan_bit_177,0.00013246145307163382
morgan_bit_487,0.00013235864811167504
morgan_bit_1906,0.00013235786933672914
morgan_bit_918,0.00013234537560693257
morgan_bit_1388,0.00013229319851720353
morgan_bit_184,0.000131667631032008
morgan_bit_9,0.0001316674007693798
morgan_bit_239,0.0001315404635150481
morgan_bit_680,0.00013141022003262026
morgan_bit_477,0.0001311693055477823
fr_prisulfonamd,0.0001311461974605624
morgan_bit_564,0.0001311373291166214
morgan_bit_426,0.00013077288346085135
morgan_bit_674,0.0001303285268656203
morgan_bit_1238,0.0001301856216803508
morgan_bit_1534,0.00013008395746393848
morgan_bit_962,0.00012965884794014494
morgan_bit_2034,0.00012955857373773
morgan_bit_423,0.00012954255619177058
morgan_bit_1808,0.00012954148500795562
morgan_bit_1679,0.000129381653928051
morgan_bit_1626,0.0001286206035527757
morgan_bit_1761,0.00012836940647548958
morgan_bit_221,0.00012827685205611656
morgan_bit_511,0.00012798014076290695
morgan_bit_83,0.00012789017548331128
morgan_bit_854,0.00012777104967044364
morgan_bit_1219,0.000127618943532103
morgan_bit_457,0.00012759431195815492
morgan_bit_329,0.00012759047902808788
morgan_bit_837,0.00012754013259764542
morgan_bit_1035,0.00012727032246734882
morgan_bit_151,0.00012708063985817055
morgan_bit_846,0.00012703480380990518
morgan_bit_1196,0.00012659997275081498
morgan_bit_1958,0.000126598607954243
morgan_bit_1473,0.000126460661204929
morgan_bit_289,0.00012557121308668493
fr_furan,0.0001254712625556247
morgan_bit_1045,0.00012543006177225
morgan_bit_1128,0.0001253263171314569
morgan_bit_1857,0.0001251431936807554
morgan_bit_800,0.0001251272815781022
morgan_bit_1075,0.00012502419417574368
morgan_bit_1174,0.00012482859633477177
morgan_bit_1447,0.00012470993811547517
morgan_bit_969,0.0001243818831057046
morgan_bit_414,0.00012423766325571147
morgan_bit_1731,0.00012398476943425334
morgan_bit_736,0.00012383159145263215
morgan_bit_897,0.00012373941930557343
morgan_bit_2032,0.00012350279369109453
morgan_bit_1032,0.00012350086294686584
morgan_bit_383,0.00012274996762467994
morgan_bit_301,0.0001224843308667333
morgan_bit_1532,0.00012151400181381581
morgan_bit_900,0.00012149001598837896
morgan_bit_169,0.00012122875114983089
morgan_bit_676,0.00012104209535416093
morgan_bit_1034,0.0001208166353881638
morgan_bit_1318,0.00012068185789853244
morgan_bit_1478,0.00012062062899633056
morgan_bit_282,0.00012059631941739088
morgan_bit_1455,0.0001199423352027705
morgan_bit_804,0.00011977989507952457
morgan_bit_802,0.00011923192839254665
morgan_bit_1783,0.00011919169312402015
morgan_bit_2009,0.00011915595169916044
morgan_bit_950,0.00011895936687898329
morgan_bit_829,0.00011894916322953361
morgan_bit_1285,0.00011894549274161275
morgan_bit_1760,0.00011867936547134123
morgan_bit_425,0.00011867587361568229
morgan_bit_1987,0.00011856748019128591
morgan_bit_1580,0.00011834879498152864
morgan_bit_1984,0.00011811208015294691
morgan_bit_649,0.00011743870321119454
morgan_bit_1024,0.00011678653317609896
morgan_bit_1618,0.00011665533053207251
morgan_bit_524,0.00011647074467680408
morgan_bit_72,0.00011632748600274459
morgan_bit_1255,0.00011628784419685572
morgan_bit_1929,0.00011574366283842498
morgan_bit_1068,0.00011572832440479086
morgan_bit_597,0.00011519758074241012
morgan_bit_250,0.00011500926881370507
morgan_bit_1977,0.00011447725255227305
morgan_bit_484,0.00011421863793837668
morgan_bit_979,0.0001141893000978996
morgan_bit_100,0.00011362992118744728
morgan_bit_1981,0.00011349412177434876
morgan_bit_542,0.00011333398388032252
morgan_bit_666,0.00011330670333374109
morgan_bit_1003,0.00011262345902101255
morgan_bit_1646,0.000112531980024534
morgan_bit_1435,0.00011246698388429831
morgan_bit_1282,0.00011207352825917766
morgan_bit_1334,0.0001119878911358611
morgan_bit_528,0.0001117076201786315
morgan_bit_985,0.00011146018941629402
morgan_bit_268,0.0001113612440540772
morgan_bit_4,0.00011104476810713907
morgan_bit_333,0.00011094574849089046
morgan_bit_1321,0.00011067427127253915
morgan_bit_1964,0.00011016954104795402
fr_amidine,0.00011007922818633582
morgan_bit_1267,0.00011003769492146577
morgan_bit_99,0.0001098142353576657
morgan_bit_1799,0.0001098011611485016
morgan_bit_921,0.00010976583914539674
morgan_bit_1089,0.00010953985097592698
morgan_bit_22,0.000109417633972604
morgan_bit_832,0.00010928430313829597
morgan_bit_1942,0.00010923172661498782
morgan_bit_898,0.00010915849527701717
morgan_bit_1594,0.00010899372885046188
morgan_bit_125,0.00010819433567892913
morgan_bit_1494,0.00010815701596389666
morgan_bit_893,0.00010779424731123995
morgan_bit_339,0.0001077685536730732
morgan_bit_1544,0.00010768352375784419
morgan_bit_286,0.00010761973804373072
morgan_bit_975,0.00010760501004496483
morgan_bit_1542,0.00010738099446498694
morgan_bit_192,0.00010732598502169589
morgan_bit_491,0.00010719804549263006
morgan_bit_1824,0.00010717898753570188
morgan_bit_1333,0.00010714568184174687
morgan_bit_835,0.00010684292110310414
morgan_bit_241,0.00010617397539587091
morgan_bit_510,0.00010607704052303823
fr_thiophene,0.00010606431415368659
morgan_bit_844,0.00010547364119104706
morgan_bit_1328,0.0001050361933380498
morgan_bit_548,0.00010484698379212095
morgan_bit_2000,0.00010482348970034826
morgan_bit_302,0.00010480624565989801
morgan_bit_687,0.00010475077378562601
fr_barbitur,0.00010473210292163557
morgan_bit_139,0.00010458455222068827
morgan_bit_872,0.0001045366488731049
morgan_bit_1477,0.00010424390480328831
morgan_bit_1287,0.00010391898023955094
morgan_bit_418,0.00010390898312864662
morgan_bit_1865,0.0001037599905806408
morgan_bit_1610,0.00010321547643092093
morgan_bit_1401,0.00010315542372583576
morgan_bit_97,0.00010308586992810871
morgan_bit_1445,0.0001030781912661543
morgan_bit_1819,0.00010304785943990522
morgan_bit_1351,0.00010302975018044849
morgan_bit_1046,0.00010295930277080202
morgan_bit_1918,0.00010295845979267107
morgan_bit_1796,0.00010293436804014197
morgan_bit_1208,0.00010280075185491115
morgan_bit_1889,0.00010252464647275731
morgan_bit_1312,0.00010231607982780927
morgan_bit_1507,0.00010218119145041974
morgan_bit_59,0.00010212044154905111
morgan_bit_1588,0.00010190601070350904
morgan_bit_432,0.00010181818958431402
morgan_bit_1721,0.0001013628364018331
morgan_bit_78,0.00010133647876625973
morgan_bit_1946,0.00010117889873083946
morgan_bit_2042,0.00010105436306041889
morgan_bit_361,0.00010101686390074994
morgan_bit_1926,0.00010098228336699159
morgan_bit_2038,0.00010071069698529743
morgan_bit_2020,0.00010053127823494205
morgan_bit_461,0.00010032927469939513
morgan_bit_990,0.00010031091105994201
morgan_bit_1694,0.00010028847093458046
morgan_bit_1256,0.00010027194768800755
morgan_bit_896,0.00010023629252824881
morgan_bit_21,0.00010010132828439428
morgan_bit_2031,9.996608451964745e-05
morgan_bit_1741,9.987582254417401e-05
morgan_bit_1586,9.978605382469533e-05
morgan_bit_1453,9.971601494736379e-05
morgan_bit_1033,9.929425822265219e-05
morgan_bit_576,9.903724137148022e-05
morgan_bit_1804,9.88989733086328e-05
morgan_bit_1239,9.889619614328678e-05
morgan_bit_1288,9.887783605544476e-05
morgan_bit_1519,9.865262419115337e-05
morgan_bit_355,9.853195159886571e-05
morgan_bit_1133,9.842763333106148e-05
morgan_bit_269,9.840432397360332e-05
morgan_bit_1204,9.797090741276769e-05
morgan_bit_703,9.775098912542166e-05
morgan_bit_1008,9.760241139397924e-05
morgan_bit_115,9.753849004151166e-05
morgan_bit_855,9.752520668942923e-05
morgan_bit_403,9.745399117132018e-05
morgan_bit_771,9.734428532127008e-05
morgan_bit_903,9.729696767778878e-05
morgan_bit_888,9.720289761125736e-05
morgan_bit_3,9.716040328612388e-05
morgan_bit_740,9.67128475800412e-05
morgan_bit_701,9.66552922463653e-05
morgan_bit_328,9.651760910372415e-05
morgan_bit_1671,9.618037637884735e-05
morgan_bit_878,9.588362235399245e-05
morgan_bit_1071,9.550561649566378e-05
morgan_bit_1630,9.519784175453965e-05
morgan_bit_1916,9.517587557002422e-05
morgan_bit_689,9.505327201204383e-05
morgan_bit_179,9.482286531991717e-05
morgan_bit_1771,9.480487957836294e-05
morgan_bit_93,9.452171059814565e-05
morgan_bit_612,9.422591976056656e-05
morgan_bit_545,9.401459341973403e-05
morgan_bit_1427,9.381303934936776e-05
morgan_bit_1803,9.376987598039971e-05
morgan_bit_1963,9.369422604185539e-05
morgan_bit_117,9.358851132874821e-05
morgan_bit_381,9.344420291091394e-05
morgan_bit_248,9.339502200529559e-05
morgan_bit_409,9.309569696982519e-05
morgan_bit_1765,9.307227847003466e-05
morgan_bit_369,9.299135705185692e-05
morgan_bit_193,9.291785928569263e-05
morgan_bit_415,9.285448413248062e-05
morgan_bit_67,9.279687920490546e-05
morgan_bit_890,9.278429439591926e-05
morgan_bit_621,9.273860480528786e-05
morgan_bit_1584,9.255442345722162e-05
morgan_bit_1416,9.214457637008244e-05
morgan_bit_1656,9.209372958355815e-05
morgan_bit_1944,9.203989847244678e-05
morgan_bit_43,9.203715894323927e-05
morgan_bit_1179,9.187728906875526e-05
morgan_bit_883,9.165270909372578e-05
morgan_bit_1868,9.14499392253753e-05
morgan_bit_1069,9.144603015310095e-05
morgan_bit_495,9.109027507186653e-05
morgan_bit_1411,9.09889258192274e-05
morgan_bit_706,9.011466362153028e-05
morgan_bit_338,9.00577727877626e-05
morgan_bit_276,8.98990177198558e-05
morgan_bit_1724,8.96917108972954e-05
morgan_bit_1736,8.924245853478529e-05
morgan_bit_1502,8.922277416625716e-05
morgan_bit_270,8.920810646384862e-05
morgan_bit_1859,8.909696726027222e-05
morgan_bit_1583,8.885749098303174e-05
morgan_bit_1615,8.853129905635792e-05
morgan_bit_37,8.850901957330862e-05
morgan_bit_474,8.850491215103335e-05
morgan_bit_272,8.838241363991603e-05
morgan_bit_809,8.825459338220227e-05
morgan_bit_1822,8.815376252281149e-05
morgan_bit_2026,8.805463643496695e-05
morgan_bit_1910,8.801618931005768e-05
morgan_bit_1081,8.800450292044665e-05
morgan_bit_1999,8.792430562834137e-05
morgan_bit_586,8.788228687957326e-05
morgan_bit_1825,8.782314402641943e-05
morgan_bit_1449,8.774254257312144e-05
morgan_bit_1451,8.762808352795747e-05
morgan_bit_568,8.758734228433254e-05
morgan_bit_1775,8.754709328271706e-05
morgan_bit_604,8.749259733450277e-05
morgan_bit_463,8.623527099628198e-05
morgan_bit_1567,8.618294181050104e-05
morgan_bit_298,8.599431428426336e-05
morgan_bit_909,8.599407833070937e-05
morgan_bit_1367,8.590704214822128e-05
morgan_bit_1634,8.590069609617648e-05
morgan_bit_1195,8.58916621984824e-05
morgan_bit_581,8.583173525048063e-05
morgan_bit_1303,8.578918109298325e-05
morgan_bit_1620,8.573071082929223e-05
morgan_bit_646,8.559359771644328e-05
morgan_bit_1135,8.558358798452166e-05
morgan_bit_1277,8.556481202609812e-05
morgan_bit_1211,8.53839481582702e-05
morgan_bit_770,8.53342233058602e-05
morgan_bit_1444,8.521767925571891e-05
morgan_bit_790,8.520039900168359e-05
morgan_bit_308,8.507194398974079e-05
morgan_bit_1691,8.48532727322381e-05
morgan_bit_471,8.485217586456814e-05
morgan_bit_2005,8.478956081950912e-05
fr_benzodiazepine,8.463313886809182e-05
morgan_bit_106,8.45475723904468e-05
morgan_bit_145,8.454144781396987e-05
morgan_bit_1158,8.439614329765797e-05
morgan_bit_1758,8.422912387042512e-05
morgan_bit_194,8.421822695841156e-05
morgan_bit_1575,8.407406808094611e-05
morgan_bit_1624,8.403001227805717e-05
morgan_bit_1923,8.396323954696833e-05
morgan_bit_1908,8.387303102544243e-05
morgan_bit_734,8.384975258057336e-05
morgan_bit_607,8.362249401785685e-05
morgan_bit_1050,8.329883851193587e-05
morgan_bit_915,8.31375646822284e-05
morgan_bit_797,8.264669555844691e-05
fr_sulfone,8.231880455119947e-05
morgan_bit_345,8.228852077500746e-05
morgan_bit_445,8.224024673566621e-05
fr_lactone,8.197783385234723e-05
morgan_bit_880,8.197340125380351e-05
morgan_bit_446,8.195725025079176e-05
morgan_bit_127,8.184176873665298e-05
morgan_bit_692,8.182698175442317e-05
morgan_bit_1786,8.174143342688819e-05
morgan_bit_944,8.172790446493131e-05
morgan_bit_1885,8.171835873002872e-05
morgan_bit_1402,8.165051011628906e-05
morgan_bit_1548,8.160878119376329e-05
morgan_bit_232,8.155256570337192e-05
morgan_bit_1959,8.152913696580113e-05
morgan_bit_664,8.11614220754462e-05
morgan_bit_1104,8.114511695175336e-05
morgan_bit_1905,8.110078340607274e-05
morgan_bit_1336,8.071509947257926e-05
morgan_bit_1107,8.06552409511845e-05
morgan_bit_71,8.047534204717664e-05
morgan_bit_610,8.043519749596435e-05
morgan_bit_400,8.03097454630047e-05
morgan_bit_840,8.029118218055842e-05
morgan_bit_810,7.998296766108403e-05
morgan_bit_876,7.988644061193774e-05
morgan_bit_1909,7.982118562502073e-05
morgan_bit_1509,7.952160141339177e-05
morgan_bit_1224,7.884860032886973e-05
morgan_bit_1170,7.879929185657839e-05
morgan_bit_206,7.876386962847793e-05
morgan_bit_451,7.865330973181776e-05
morgan_bit_288,7.848954683362344e-05
morgan_bit_1764,7.844280089602305e-05
morgan_bit_860,7.829513312244152e-05
morgan_bit_2015,7.823592404304922e-05
morgan_bit_1423,7.803132739731352e-05
morgan_bit_711,7.78212582556944e-05
morgan_bit_373,7.781924423486892e-05
morgan_bit_1990,7.775316404549309e-05
fr_term_acetylene,7.756721994256337e-05
morgan_bit_376,7.749736934042347e-05
morgan_bit_1102,7.702425542988841e-05
morgan_bit_1572,7.681212458886995e-05
morgan_bit_1415,7.665402526678847e-05
morgan_bit_904,7.66320954924572e-05
morgan_bit_296,7.642766566727284e-05
morgan_bit_1290,7.637918447323863e-05
morgan_bit_1648,7.608825726026171e-05
morgan_bit_1728,7.594665516986258e-05
morgan_bit_1939,7.524848239561536e-05
morgan_bit_595,7.505163820529651e-05
morgan_bit_629,7.455781625827416e-05
morgan_bit_987,7.440113164919345e-05
morgan_bit_476,7.425600587533437e-05
morgan_bit_135,7.423681357612375e-05
morgan_bit_243,7.421690356808818e-05
morgan_bit_1231,7.41817541593882e-05
morgan_bit_58,7.415011075303387e-05
morgan_bit_144,7.388683851990671e-05
morgan_bit_1685,7.384984485614806e-05
morgan_bit_1842,7.384211513498059e-05
morgan_bit_1571,7.378880039195164e-05
morgan_bit_1165,7.367846934914814e-05
morgan_bit_533,7.367422946150561e-05
morgan_bit_959,7.358660702399345e-05
morgan_bit_751,7.342974363306451e-05
morgan_bit_887,7.337544204969301e-05
morgan_bit_1592,7.331870899438851e-05
morgan_bit_33,7.303169760367238e-05
morgan_bit_978,7.301813059120084e-05
fr_nitro_arom,7.281240433848933e-05
morgan_bit_440,7.269182406782114e-05
morgan_bit_208,7.267982890405412e-05
morgan_bit_914,7.25740611343997e-05
morgan_bit_218,7.250103254709253e-05
morgan_bit_1500,7.20746302841734e-05
morgan_bit_853,7.205191220078564e-05
morgan_bit_1339,7.19504387161795e-05
morgan_bit_52,7.188470498840842e-05
morgan_bit_864,7.179834135690064e-05
morgan_bit_472,7.164377473087683e-05
morgan_bit_1067,7.14181314857713e-05
morgan_bit_29,7.129008394713169e-05
morgan_bit_1790,7.128664859393347e-05
morgan_bit_1657,7.117621089049594e-05
morgan_bit_1316,7.115894358801417e-05
morgan_bit_644,7.111891045013569e-05
morgan_bit_733,7.106449979243744e-05
morgan_bit_1820,7.086693703480439e-05
morgan_bit_634,7.085201493197171e-05
morgan_bit_1814,7.08241947465734e-05
morgan_bit_1717,7.041418134369963e-05
morgan_bit_592,7.026961084369954e-05
morgan_bit_717,7.02273009681946e-05
fr_C_S,7.013167192078863e-05
morgan_bit_2029,7.001432686199047e-05
morgan_bit_198,6.993932528093901e-05
morgan_bit_1283,6.984666674197535e-05
morgan_bit_536,6.980792813894686e-05
morgan_bit_521,6.96487542589767e-05
morgan_bit_424,6.956666918012976e-05
morgan_bit_394,6.954404637850595e-05
morgan_bit_45,6.941420674296255e-05
morgan_bit_1695,6.936079012436113e-05
morgan_bit_1146,6.930752620559806e-05
morgan_bit_1042,6.927788986561762e-05
morgan_bit_1832,6.908857126039203e-05
morgan_bit_647,6.907488152970165e-05
fr_N_O,6.885851029495259e-05
morgan_bit_428,6.880412454142711e-05
morgan_bit_857,6.806650345007425e-05
morgan_bit_1015,6.797267919873067e-05
morgan_bit_309,6.783011971598961e-05
morgan_bit_92,6.77064131513776e-05
morgan_bit_1011,6.76492162055371e-05
morgan_bit_1801,6.761454962751584e-05
morgan_bit_256,6.725224513705786e-05
morgan_bit_1730,6.70753445991517e-05
morgan_bit_41,6.699798333656026e-05
morgan_bit_1356,6.659220756716894e-05
morgan_bit_1682,6.648313483545352e-05
morgan_bit_1632,6.623909939303682e-05
morgan_bit_1387,6.566621825715503e-05
morgan_bit_1233,6.546704491205137e-05
morgan_bit_1425,6.539962131616e-05
morgan_bit_1181,6.539724827678686e-05
morgan_bit_1560,6.532688216096929e-05
morgan_bit_1492,6.531490399824049e-05
morgan_bit_2045,6.501790926150125e-05
morgan_bit_1663,6.499598041882076e-05
morgan_bit_449,6.497813837175965e-05
morgan_bit_1739,6.490324148534759e-05
morgan_bit_1481,6.486268516175198e-05
morgan_bit_1867,6.466932827297194e-05
morgan_bit_1733,6.466336683016917e-05
morgan_bit_2040,6.4651949058574e-05
morgan_bit_1512,6.439433554713852e-05
morgan_bit_1348,6.436226898704885e-05
morgan_bit_884,6.423335474429577e-05
morgan_bit_1188,6.415008762300362e-05
morgan_bit_2047,6.402629935183142e-05
morgan_bit_1645,6.381395126222296e-05
morgan_bit_1517,6.37771856966851e-05
morgan_bit_1888,6.371512350123999e-05
morgan_bit_869,6.37085630481043e-05
morgan_bit_732,6.364322401408784e-05
morgan_bit_1191,6.363299749426075e-05
morgan_bit_380,6.341485938652224e-05
morgan_bit_1499,6.338849359049439e-05
morgan_bit_1845,6.333497513088251e-05
morgan_bit_1384,6.299946594032401e-05
morgan_bit_728,6.280028818669121e-05
morgan_bit_209,6.279825734401904e-05
morgan_bit_1979,6.278005688146848e-05
morgan_bit_255,6.240009804944871e-05
morgan_bit_391,6.218260425323257e-05
morgan_bit_489,6.211647851350363e-05
morgan_bit_1640,6.21107077209606e-05
morgan_bit_1568,6.208057503937708e-05
morgan_bit_1293,6.203727632728118e-05
morgan_bit_1850,6.168441807512138e-05
morgan_bit_1862,6.159119435751455e-05
morgan_bit_1164,6.130522218992271e-05
morgan_bit_212,6.127938975725808e-05
morgan_bit_1153,6.126833288188541e-05
morgan_bit_2030,6.115077592692678e-05
morgan_bit_155,6.114191147117735e-05
morgan_bit_15,6.1009615346944296e-05
morgan_bit_1550,6.075902557196814e-05
morgan_bit_2019,6.07227472826276e-05
morgan_bit_417,6.0630287018920716e-05
morgan_bit_1399,6.0565144592378666e-05
morgan_bit_1985,6.0348036442503595e-05
morgan_bit_1025,6.0111790721121576e-05
morgan_bit_398,6.0036437176936266e-05
morgan_bit_35,5.9958304656367954e-05
morgan_bit_941,5.9935087731646595e-05
morgan_bit_1574,5.958282850416637e-05
morgan_bit_788,5.941228463130656e-05
morgan_bit_1847,5.940266157079734e-05
morgan_bit_1074,5.92325728458565e-05
morgan_bit_157,5.920640731494248e-05
morgan_bit_1526,5.916549478327298e-05
morgan_bit_375,5.9093008295423876e-05
morgan_bit_566,5.874382742847554e-05
morgan_bit_1144,5.85996844034965e-05
morgan_bit_702,5.8529231787969686e-05
morgan_bit_1130,5.832968608673821e-05
morgan_bit_1441,5.824362193268988e-05
morgan_bit_1136,5.813304999926735e-05
morgan_bit_48,5.812811423180703e-05
morgan_bit_1504,5.8088427038164904e-05
morgan_bit_1221,5.802977631206831e-05
morgan_bit_401,5.789340444025417e-05
morgan_bit_1533,5.785576125664598e-05
morgan_bit_1668,5.747608525044737e-05
morgan_bit_1217,5.746977966692461e-05
morgan_bit_1792,5.7368988784008e-05
morgan_bit_1557,5.728108693476017e-05
morgan_bit_1563,5.72536066119218e-05
morgan_bit_1627,5.720269295799075e-05
morgan_bit_81,5.709292689077856e-05
morgan_bit_665,5.7064161713352915e-05
morgan_bit_124,5.7050179268445904e-05
morgan_bit_584,5.696240650192666e-05
morgan_bit_1766,5.690206257462233e-05
morgan_bit_1186,5.686289666349269e-05
morgan_bit_1371,5.686001768917515e-05
morgan_bit_931,5.6763301225701695e-05
morgan_bit_1421,5.6668449717446984e-05
morgan_bit_522,5.6522578603903395e-05
morgan_bit_1614,5.650016773416023e-05
morgan_bit_690,5.641291865195677e-05
morgan_bit_196,5.628992489144246e-05
morgan_bit_1038,5.616742986094918e-05
morgan_bit_1206,5.609282239471155e-05
morgan_bit_1561,5.6056278968438234e-05
morgan_bit_86,5.5906024907936726e-05
morgan_bit_1143,5.5738860681945304e-05
morgan_bit_1193,5.57067511443979e-05
morgan_bit_1988,5.5661891429432814e-05
morgan_bit_1324,5.547679973174313e-05
morgan_bit_1759,5.544120414869818e-05
morgan_bit_512,5.5362043884202644e-05
morgan_bit_1877,5.535636737842906e-05
morgan_bit_1327,5.5201631938606704e-05
morgan_bit_1725,5.517476731480471e-05
morgan_bit_1249,5.512086939033565e-05
morgan_bit_520,5.5037211907363986e-05
morgan_bit_113,5.485622517519361e-05
morgan_bit_575,5.480006365276235e-05
morgan_bit_928,5.4791320550694086e-05
morgan_bit_1652,5.463315965130141e-05
morgan_bit_784,5.460309968518556e-05
morgan_bit_1123,5.45575825830793e-05
morgan_bit_1746,5.447501777290554e-05
morgan_bit_973,5.4468654047809186e-05
morgan_bit_57,5.4363163360717045e-05
morgan_bit_1932,5.4174950328128657e-05
morgan_bit_210,5.411783999118322e-05
morgan_bit_792,5.404653100671318e-05
morgan_bit_600,5.397242367925836e-05
morgan_bit_583,5.384882012386012e-05
morgan_bit_1689,5.380537605421642e-05
morgan_bit_541,5.375495493733743e-05
morgan_bit_1856,5.3719718018928465e-05
morgan_bit_1225,5.354902070404736e-05
morgan_bit_1962,5.3541625826914205e-05
morgan_bit_1776,5.350475894862408e-05
morgan_bit_224,5.3411989338112926e-05
morgan_bit_1022,5.3388062217646485e-05
morgan_bit_708,5.337861518805257e-05
morgan_bit_257,5.322277729815211e-05
morgan_bit_983,5.313877251051416e-05
morgan_bit_759,5.2964645127832655e-05
morgan_bit_1366,5.2952312274033906e-05
morgan_bit_1576,5.289506351089296e-05
morgan_bit_2033,5.2755752524241176e-05
morgan_bit_937,5.265062989070244e-05
morgan_bit_1562,5.246795075953512e-05
morgan_bit_1258,5.243649332480416e-05
morgan_bit_1361,5.237726303182178e-05
morgan_bit_1138,5.224581222599955e-05
morgan_bit_1245,5.218721008194005e-05
morgan_bit_1974,5.1995997125498055e-05
morgan_bit_1779,5.187219811679637e-05
morgan_bit_1956,5.1688815199088176e-05
morgan_bit_264,5.163951699582968e-05
morgan_bit_924,5.146434520710224e-05
morgan_bit_284,5.139384795755001e-05
morgan_bit_899,5.139060638998616e-05
morgan_bit_1273,5.138323619544037e-05
morgan_bit_2027,5.118093802191793e-05
morgan_bit_625,5.1170179967222446e-05
morgan_bit_205,5.116113087345408e-05
morgan_bit_709,5.1128425966273026e-05
morgan_bit_2046,5.1110597055165965e-05
morgan_bit_1631,5.104982259800296e-05
morgan_bit_431,5.0918707151925425e-05
morgan_bit_686,5.091284034996023e-05
morgan_bit_1166,5.066898266267753e-05
morgan_bit_1354,5.03734938362623e-05
morgan_bit_1197,5.024847607101005e-05
morgan_bit_354,5.014457550629081e-05
morgan_bit_23,5.009559456963371e-05
fr_oxime,5.0052106557282334e-05
morgan_bit_1769,5.001607255952899e-05
morgan_bit_146,4.993744741607062e-05
morgan_bit_815,4.981909933811944e-05
morgan_bit_783,4.963668098035368e-05
morgan_bit_324,4.9605699814391464e-05
morgan_bit_2006,4.952662218027794e-05
morgan_bit_955,4.930698502379016e-05
morgan_bit_1554,4.925477264514781e-05
morgan_bit_1625,4.8983300439739434e-05
morgan_bit_640,4.89335924994613e-05
morgan_bit_108,4.889202778585918e-05
morgan_bit_796,4.883249686974479e-05
morgan_bit_1259,4.871964386304863e-05
morgan_bit_353,4.854037160408482e-05
morgan_bit_1040,4.846420297130448e-05
morgan_bit_1005,4.838101853378473e-05
morgan_bit_1338,4.833826802995646e-05
morgan_bit_654,4.816918115498294e-05
morgan_bit_1843,4.8055915977594886e-05
morgan_bit_643,4.8036286424298855e-05
morgan_bit_1297,4.7859659806926635e-05
morgan_bit_1846,4.766261485705865e-05
morgan_bit_1680,4.764110964509078e-05
morgan_bit_438,4.759291648305113e-05
morgan_bit_1863,4.7586782276978134e-05
morgan_bit_523,4.75255241634119e-05
morgan_bit_947,4.7524785479345555e-05
morgan_bit_1298,4.745577292467224e-05
morgan_bit_1993,4.742353410804372e-05
morgan_bit_364,4.737204959053242e-05
morgan_bit_104,4.7358554310189935e-05
morgan_bit_1180,4.7320265963957496e-05
morgan_bit_603,4.7274259929125765e-05
morgan_bit_246,4.727015843098029e-05
morgan_bit_1673,4.725732609652521e-05
morgan_bit_1460,4.7241773509499566e-05
morgan_bit_229,4.719893992170929e-05
morgan_bit_1363,4.716660001916359e-05
morgan_bit_277,4.70605040948987e-05
morgan_bit_263,4.6992629020564693e-05
morgan_bit_620,4.6806525856616856e-05
morgan_bit_1655,4.675601334763832e-05
morgan_bit_254,4.6705169256659335e-05
morgan_bit_85,4.647326551391649e-05
morgan_bit_488,4.646160759916092e-05
morgan_bit_749,4.643488391165039e-05
morgan_bit_877,4.63330343515443e-05
morgan_bit_1232,4.630017495829894e-05
morgan_bit_685,4.5804984472564895e-05
morgan_bit_1734,4.580372549097671e-05
morgan_bit_1403,4.562350955719358e-05
morgan_bit_1465,4.5620747306077636e-05
morgan_bit_411,4.549205688100086e-05
morgan_bit_747,4.54745922319236e-05
morgan_bit_304,4.5436049545954074e-05
morgan_bit_1901,4.54301016327627e-05
morgan_bit_894,4.539202537963882e-05
morgan_bit_1551,4.537284403208349e-05
morgan_bit_68,4.535927602023834e-05
morgan_bit_347,4.532538012935501e-05
morgan_bit_580,4.532096882897047e-05
morgan_bit_1260,4.515367648187028e-05
morgan_bit_515,4.504150905317758e-05
morgan_bit_126,4.4974452491373255e-05
morgan_bit_1639,4.492779747003636e-05
morgan_bit_82,4.49209288067651e-05
morgan_bit_1396,4.490451634499272e-05
morgan_bit_1659,4.483882436471148e-05
morgan_bit_954,4.466828256619039e-05
morgan_bit_1419,4.463170226407049e-05
morgan_bit_1558,4.457089910765704e-05
morgan_bit_1773,4.456493398355895e-05
morgan_bit_892,4.451585391126551e-05
morgan_bit_1649,4.4389365997429823e-05
morgan_bit_385,4.438768845002457e-05
morgan_bit_291,4.438197723990546e-05
morgan_bit_1141,4.434048921259412e-05
morgan_bit_1714,4.432861258021333e-05
morgan_bit_827,4.420995101712066e-05
morgan_bit_1299,4.4176349462045936e-05
morgan_bit_1740,4.4013675679778065e-05
morgan_bit_1240,4.400909138122789e-05
morgan_bit_1763,4.4007114937793306e-05
morgan_bit_1026,4.375362130033719e-05
morgan_bit_602,4.375291767238059e-05
morgan_bit_1805,4.3669727271710064e-05
morgan_bit_54,4.3574453550569666e-05
morgan_bit_390,4.346211771207448e-05
morgan_bit_819,4.345655068230322e-05
morgan_bit_752,4.340225380202325e-05
morgan_bit_554,4.33181479514214e-05
morgan_bit_412,4.314454872845223e-05
fr_tetrazole,4.306192333888851e-05
morgan_bit_1861,4.28240666028808e-05
morgan_bit_594,4.280629913225716e-05
morgan_bit_214,4.278706332914216e-05
SMR_VSA2,4.26199036567772e-05
morgan_bit_462,4.255100172576771e-05
morgan_bit_181,4.251098923967297e-05
morgan_bit_0,4.2429755856059745e-05
morgan_bit_626,4.235380946321931e-05
morgan_bit_889,4.227762655511506e-05
morgan_bit_386,4.216024121292936e-05
morgan_bit_481,4.209371257402129e-05
morgan_bit_2028,4.2031041556885765e-05
morgan_bit_1404,4.1919738602387045e-05
morgan_bit_131,4.176334869708252e-05
morgan_bit_1914,4.170884902737783e-05
morgan_bit_1895,4.166485250234285e-05
morgan_bit_1458,4.163610439808833e-05
morgan_bit_865,4.161520546458232e-05
morgan_bit_1352,4.15856124453448e-05
morgan_bit_863,4.157074794210877e-05
morgan_bit_704,4.139409051161305e-05
morgan_bit_1335,4.128256104360272e-05
morgan_bit_1156,4.1191922010163475e-05
morgan_bit_557,4.115343066829151e-05
morgan_bit_379,4.1045756203361524e-05
morgan_bit_911,4.101578172136158e-05
morgan_bit_1887,4.096135164450073e-05
morgan_bit_825,4.092897100500579e-05
morgan_bit_1213,4.083000091295892e-05
morgan_bit_735,4.07934334191155e-05
morgan_bit_1030,4.051361415898441e-05
morgan_bit_1613,4.039593740334904e-05
morgan_bit_60,4.0219734514801936e-05
morgan_bit_1322,4.0129002981452983e-05
morgan_bit_509,4.0125031869294157e-05
fr_nitrile,4.001901908144118e-05
morgan_bit_1506,3.9856238096397943e-05
morgan_bit_1637,3.984839103142787e-05
morgan_bit_808,3.984149460109904e-05
morgan_bit_1976,3.9781449749124476e-05
morgan_bit_862,3.974144064319654e-05
morgan_bit_1079,3.968846825642156e-05
morgan_bit_966,3.965593816491369e-05
morgan_bit_1919,3.964943126698266e-05
morgan_bit_971,3.95451387972105e-05
morgan_bit_413,3.929054221099932e-05
morgan_bit_1688,3.9249556768386525e-05
morgan_bit_593,3.9198941934314496e-05
morgan_bit_631,3.918025862757773e-05
morgan_bit_158,3.917414219545325e-05
morgan_bit_1326,3.915679596185119e-05
morgan_bit_1289,3.881230864300076e-05
morgan_bit_1364,3.878786444480114e-05
morgan_bit_11,3.8559044829291356e-05
morgan_bit_36,3.845586810680659e-05
morgan_bit_716,3.844801209567135e-05
morgan_bit_326,3.840466260482956e-05
morgan_bit_1172,3.8287099939972586e-05
morgan_bit_1505,3.8235059036469245e-05
morgan_bit_1437,3.817871414515951e-05
morgan_bit_1372,3.810414657875091e-05
morgan_bit_1629,3.806590679504277e-05
morgan_bit_1091,3.804251832474018e-05
morgan_bit_910,3.803275650022885e-05
morgan_bit_952,3.8020639133942905e-05
morgan_bit_1007,3.792962602912029e-05
morgan_bit_42,3.791026622377688e-05
fr_nitro_arom_nonortho,3.789577168435237e-05
fr_azide,3.776846949646181e-05
morgan_bit_171,3.7763702715293775e-05
morgan_bit_727,3.775667862538933e-05
morgan_bit_1781,3.7726286363074195e-05
morgan_bit_1838,3.770880973828391e-05
morgan_bit_902,3.766735799454485e-05
fr_morpholine,3.759783226346815e-05
morgan_bit_822,3.753699007443168e-05
morgan_bit_527,3.748412636655411e-05
morgan_bit_2037,3.7182088530370844e-05
morgan_bit_814,3.709717960367485e-05
morgan_bit_122,3.708559723739162e-05
morgan_bit_1516,3.701331958141762e-05
morgan_bit_300,3.69989780375401e-05
morgan_bit_278,3.6930318426456305e-05
morgan_bit_318,3.687559902472738e-05
morgan_bit_110,3.68120399171039e-05
morgan_bit_1493,3.67463166373512e-05
morgan_bit_623,3.674562222260808e-05
morgan_bit_972,3.6686521990551146e-05
morgan_bit_1112,3.6678319872788966e-05
morgan_bit_65,3.651959038536924e-05
morgan_bit_1569,3.651941046556406e-05
morgan_bit_1281,3.646698513747615e-05
morgan_bit_499,3.646328483662343e-05
morgan_bit_1085,3.64231986599267e-05
morgan_bit_1616,3.6371804269144035e-05
morgan_bit_293,3.634261312166476e-05
morgan_bit_1995,3.629419180485309e-05
morgan_bit_671,3.618992473403669e-05
morgan_bit_1636,3.6172155338196806e-05
fr_epoxide,3.615828942912295e-05
morgan_bit_861,3.611433601185562e-05
morgan_bit_956,3.609641168238338e-05
morgan_bit_20,3.5993484470437874e-05
morgan_bit_132,3.593874940037465e-05
morgan_bit_1140,3.593731347251577e-05
morgan_bit_2043,3.583468850380262e-05
morgan_bit_281,3.5827103375272895e-05
morgan_bit_1269,3.578877761588498e-05
morgan_bit_490,3.573729272719264e-05
morgan_bit_1930,3.564178612092017e-05
morgan_bit_1874,3.563499078414288e-05
morgan_bit_1118,3.552604664649864e-05
morgan_bit_1228,3.547998868811468e-05
morgan_bit_91,3.544400655098264e-05
morgan_bit_1098,3.537337277700397e-05
morgan_bit_211,3.533979853703724e-05
morgan_bit_1498,3.5310493275516434e-05
morgan_bit_1268,3.52656990141764e-05
morgan_bit_150,3.525957084331304e-05
morgan_bit_847,3.512583527748323e-05
morgan_bit_630,3.500360136870067e-05
morgan_bit_1106,3.491023721462371e-05
morgan_bit_1379,3.4903326070192895e-05
morgan_bit_531,3.467702973859388e-05
morgan_bit_1212,3.4408953788488585e-05
morgan_bit_1785,3.433326857016223e-05
morgan_bit_636,3.42721590545817e-05
morgan_bit_365,3.411772771066188e-05
morgan_bit_1706,3.397261634593429e-05
morgan_bit_2039,3.3873337922949015e-05
morgan_bit_370,3.366267590871722e-05
morgan_bit_1251,3.363708423670633e-05
morgan_bit_1521,3.344640336974744e-05
morgan_bit_404,3.344243543333621e-05
morgan_bit_912,3.343948971922652e-05
morgan_bit_1800,3.339855462320708e-05
morgan_bit_1304,3.328957540324798e-05
morgan_bit_292,3.32796209946985e-05
morgan_bit_670,3.311260793615137e-05
morgan_bit_1611,3.307616182597316e-05
morgan_bit_1793,3.306235113271056e-05
morgan_bit_360,3.281123189033516e-05
morgan_bit_299,3.279559986986461e-05
morgan_bit_123,3.2794045025655016e-05
morgan_bit_742,3.249048550013242e-05
morgan_bit_927,3.248767910583017e-05
morgan_bit_1836,3.239623878014381e-05
morgan_bit_1234,3.235758756255835e-05
morgan_bit_46,3.2267407280130826e-05
morgan_bit_136,3.222594658839108e-05
morgan_bit_1621,3.2206292273588466e-05
morgan_bit_998,3.219922571480248e-05
morgan_bit_1899,3.2177434631419146e-05
morgan_bit_153,3.2106027754878495e-05
morgan_bit_1518,3.20629098265625e-05
morgan_bit_2002,3.193787758981054e-05
morgan_bit_964,3.193625797913662e-05
morgan_bit_662,3.1860160079533217e-05
morgan_bit_1254,3.177001348893597e-05
morgan_bit_340,3.164839178573272e-05
morgan_bit_1622,3.162565186347589e-05
morgan_bit_1305,3.1587772182623474e-05
morgan_bit_871,3.1586458518936556e-05
morgan_bit_2013,3.15560961855807e-05
morgan_bit_1595,3.1510844382276666e-05
morgan_bit_1699,3.147201580553691e-05
morgan_bit_1023,3.1314964186884656e-05
morgan_bit_26,3.1307750013010455e-05
morgan_bit_429,3.1286058138711684e-05
morgan_bit_565,3.1265423290563394e-05
morgan_bit_569,3.104592017250446e-05
morgan_bit_1237,3.0970829179714565e-05
morgan_bit_811,3.095646246051481e-05
morgan_bit_1270,3.0879470131560784e-05
morgan_bit_1543,3.08154597849773e-05
morgan_bit_582,3.080408989937674e-05
morgan_bit_1093,3.05605950840046e-05
morgan_bit_982,3.0531099220418045e-05
morgan_bit_1203,3.0387865855248444e-05
morgan_bit_737,3.0218070252094006e-05
morgan_bit_563,2.9946084995971183e-05
morgan_bit_1393,2.9865542811979108e-05
morgan_bit_1686,2.9731230859364652e-05
morgan_bit_109,2.9641882938514185e-05
morgan_bit_1037,2.9560750627834403e-05
morgan_bit_1755,2.9519962722225805e-05
morgan_bit_1055,2.9446727098380045e-05
morgan_bit_1712,2.9410614831110948e-05
morgan_bit_141,2.9381568697949832e-05
morgan_bit_1006,2.9344479999567988e-05
morgan_bit_1661,2.932047637345352e-05
morgan_bit_1520,2.927137057649615e-05
morgan_bit_767,2.915310439121671e-05
morgan_bit_1537,2.9147800162318664e-05
morgan_bit_657,2.906979692036559e-05
morgan_bit_769,2.8990162938456254e-05
morgan_bit_267,2.8979648421564863e-05
morgan_bit_174,2.8819744387076345e-05
morgan_bit_358,2.8760438647200305e-05
morgan_bit_1496,2.8678883149086013e-05
morgan_bit_188,2.866920254107374e-05
morgan_bit_2012,2.8643665497052163e-05
morgan_bit_190,2.858577919199521e-05
morgan_bit_1157,2.8539572112900744e-05
morgan_bit_265,2.8505139864913355e-05
morgan_bit_1830,2.8419674182937125e-05
morgan_bit_1090,2.829597265763174e-05
morgan_bit_1345,2.8294548974848128e-05
morgan_bit_485,2.818839926754179e-05
morgan_bit_1497,2.8130171398496114e-05
morgan_bit_1848,2.812772965521569e-05
morgan_bit_1484,2.8094291069824793e-05
morgan_bit_785,2.8058642495323435e-05
morgan_bit_1707,2.8057224285399348e-05
morgan_bit_866,2.803811213192421e-05
morgan_bit_395,2.7977034138552164e-05
morgan_bit_617,2.778022893142292e-05
morgan_bit_1125,2.7766222601448553e-05
morgan_bit_1501,2.774817228751612e-05
morgan_bit_696,2.772619435130631e-05
morgan_bit_574,2.772587151599277e-05
morgan_bit_1048,2.7668575111374234e-05
morgan_bit_1446,2.7641083582373643e-05
morgan_bit_1935,2.744042500943511e-05
morgan_bit_176,2.7389019776840184e-05
fr_azo,2.7301266343821986e-05
morgan_bit_916,2.7294464929476693e-05
morgan_bit_1798,2.7259450623401794e-05
morgan_bit_1390,2.697895537561723e-05
morgan_bit_1408,2.6961224323020024e-05
morgan_bit_258,2.6910398883696508e-05
morgan_bit_1692,2.6839100261594764e-05
morgan_bit_1370,2.6816031743141693e-05
morgan_bit_1675,2.6800735643777083e-05
morgan_bit_186,2.6757426713216653e-05
morgan_bit_1676,2.6756987176443047e-05
morgan_bit_1121,2.6745405686706853e-05
morgan_bit_1947,2.670835255714022e-05
morgan_bit_1870,2.6616321512445492e-05
morgan_bit_1000,2.6594426813491874e-05
morgan_bit_1189,2.6587917218389244e-05
morgan_bit_2024,2.6547724769289365e-05
morgan_bit_874,2.654423979602434e-05
morgan_bit_858,2.649844993042789e-05
morgan_bit_1382,2.644525311846819e-05
morgan_bit_1841,2.6416416283905573e-05
morgan_bit_648,2.6349375637976373e-05
morgan_bit_1405,2.6336811655246777e-05
morgan_bit_1392,2.6320216308369923e-05
morgan_bit_1414,2.627745012821169e-05
morgan_bit_572,2.6157080316893975e-05
morgan_bit_1960,2.6059665542615352e-05
morgan_bit_76,2.6012106725892265e-05
morgan_bit_1644,2.5778980731356345e-05
morgan_bit_1117,2.57751047716043e-05
morgan_bit_1858,2.5583068282068875e-05
morgan_bit_260,2.5507623364753796e-05
morgan_bit_1469,2.5488952368752383e-05
morgan_bit_336,2.53947840090136e-05
morgan_bit_1407,2.534747951034524e-05
morgan_bit_1802,2.5341565227858516e-05
morgan_bit_452,2.5328131225612003e-05
morgan_bit_999,2.5317444496296444e-05
morgan_bit_637,2.525365849046159e-05
morgan_bit_1108,2.5208978434796274e-05
morgan_bit_129,2.5138108523241736e-05
morgan_bit_1653,2.5118448598335344e-05
morgan_bit_1710,2.5035134378412935e-05
morgan_bit_1882,2.503273795387236e-05
morgan_bit_789,2.5015163600997126e-05
morgan_bit_1137,2.4970060150465344e-05
morgan_bit_1996,2.4901580338617634e-05
morgan_bit_1076,2.4881742309982814e-05
morgan_bit_1061,2.484585266347313e-05
morgan_bit_1903,2.479447651324141e-05
morgan_bit_570,2.4765587102545434e-05
morgan_bit_705,2.4755311382376127e-05
morgan_bit_1719,2.4751299600988564e-05
morgan_bit_1513,2.4693134700166296e-05
morgan_bit_948,2.468952500977679e-05
morgan_bit_468,2.4605038762237048e-05
morgan_bit_1669,2.449345298688632e-05
morgan_bit_1092,2.4358580004792834e-05
morgan_bit_661,2.434540192718196e-05
morgan_bit_1082,2.431650394505749e-05
morgan_bit_17,2.4266620318318407e-05
morgan_bit_642,2.4265641604007786e-05
morgan_bit_543,2.4250296904764636e-05
morgan_bit_1826,2.4213681354447387e-05
morgan_bit_1961,2.420899446349241e-05
morgan_bit_1718,2.4189109264928992e-05
morgan_bit_817,2.418691928552945e-05
morgan_bit_1012,2.4151818879145583e-05
morgan_bit_273,2.4138828076345583e-05
morgan_bit_275,2.4133325600468107e-05
morgan_bit_133,2.408206249836131e-05
morgan_bit_795,2.393397517687948e-05
morgan_bit_609,2.392645008766018e-05
morgan_bit_828,2.3814732913260544e-05
morgan_bit_719,2.370782967911771e-05
morgan_bit_259,2.35938240568066e-05
morgan_bit_1438,2.3529831722341526e-05
morgan_bit_175,2.3475181539389307e-05
morgan_bit_1084,2.3361491076234492e-05
morgan_bit_1395,2.3308403377184493e-05
morgan_bit_56,2.328807928346146e-05
morgan_bit_1220,2.328220867950817e-05
morgan_bit_741,2.327802940667495e-05
morgan_bit_968,2.3182827245708295e-05
morgan_bit_427,2.3088271339227677e-05
morgan_bit_1247,2.299744854447834e-05
morgan_bit_779,2.2962718919264348e-05
morgan_bit_1780,2.294384667775647e-05
morgan_bit_895,2.2937506900359514e-05
morgan_bit_1813,2.2916638630480437e-05
morgan_bit_1608,2.2861119002697985e-05
morgan_bit_1148,2.2860769965815252e-05
morgan_bit_1784,2.2838803426362034e-05
morgan_bit_1539,2.275675376278785e-05
morgan_bit_1029,2.2669171829554884e-05
morgan_bit_128,2.2653826622789297e-05
morgan_bit_517,2.2571408922647965e-05
morgan_bit_743,2.2569322719617685e-05
morgan_bit_1852,2.255553781630964e-05
morgan_bit_341,2.2555488850793396e-05
morgan_bit_766,2.24615365141934e-05
morgan_bit_50,2.2414289641463316e-05
morgan_bit_1515,2.241277549737116e-05
morgan_bit_551,2.2388184966026375e-05
morgan_bit_891,2.2346187307882376e-05
morgan_bit_1598,2.22797987052331e-05
morgan_bit_1900,2.218647288004072e-05
morgan_bit_615,2.2133319543477646e-05
morgan_bit_776,2.211068781215519e-05
morgan_bit_775,2.2106111978017473e-05
morgan_bit_1218,2.201650217047074e-05
morgan_bit_1124,2.196951994136343e-05
morgan_bit_1757,2.191754293957781e-05
morgan_bit_178,2.166093243639103e-05
morgan_bit_1320,2.1635824153932107e-05
morgan_bit_442,2.163053381231508e-05
morgan_bit_1018,2.1536781615345806e-05
morgan_bit_230,2.1519169510130862e-05
morgan_bit_1940,2.148808501209329e-05
morgan_bit_1450,2.142625740696836e-05
morgan_bit_830,2.1339478714704196e-05
morgan_bit_1443,2.129150629156053e-05
morgan_bit_261,2.1271941695327928e-05
morgan_bit_1593,2.119777164241055e-05
morgan_bit_12,2.1160245556474257e-05
morgan_bit_1113,2.1102072843080806e-05
morgan_bit_1953,2.1095432537305432e-05
morgan_bit_156,2.0978242239179794e-05
morgan_bit_1957,2.0920911012485982e-05
morgan_bit_1893,2.080399742884411e-05
morgan_bit_402,2.0786589490358163e-05
morgan_bit_168,2.0741554680923958e-05
morgan_bit_946,2.0734459762369098e-05
morgan_bit_1454,2.0669384230997915e-05
morgan_bit_2035,2.060573074566682e-05
morgan_bit_55,2.0598222891068952e-05
morgan_bit_1439,2.0596939234222404e-05
morgan_bit_1474,2.056172568419451e-05
morgan_bit_1175,2.052255587581913e-05
morgan_bit_614,2.027487567078346e-05
morgan_bit_162,2.022849998282249e-05
morgan_bit_1641,2.019187306713144e-05
morgan_bit_1528,2.0083796776295154e-05
morgan_bit_420,2.0007311057081375e-05
morgan_bit_818,1.9999757032957957e-05
morgan_bit_1346,1.9936373293663725e-05
morgan_bit_1716,1.990490613350334e-05
morgan_bit_720,1.985542874947882e-05
morgan_bit_1596,1.9831711493209245e-05
morgan_bit_1666,1.969804953853959e-05
morgan_bit_1214,1.9671139005335903e-05
morgan_bit_938,1.962799046199531e-05
morgan_bit_204,1.95054063406297e-05
morgan_bit_405,1.9487156309201956e-05
morgan_bit_616,1.9460224268086608e-05
morgan_bit_143,1.9323388251161524e-05
morgan_bit_635,1.9308723349629803e-05
morgan_bit_1021,1.923480816894793e-05
morgan_bit_10,1.920227731480658e-05
morgan_bit_1965,1.9152354945026234e-05
morgan_bit_172,1.9148613142147237e-05
morgan_bit_478,1.906501232919497e-05
morgan_bit_327,1.9004666154223085e-05
morgan_bit_435,1.8865609577714257e-05
morgan_bit_1253,1.879658060824047e-05
morgan_bit_1524,1.877008131750394e-05
morgan_bit_1479,1.872889585462205e-05
morgan_bit_1094,1.8723540644652392e-05
morgan_bit_550,1.8710132226639738e-05
morgan_bit_344,1.8373957170876378e-05
morgan_bit_678,1.8373845041396824e-05
morgan_bit_942,1.8278338883567164e-05
morgan_bit_439,1.822029489247231e-05
morgan_bit_1503,1.818800906956019e-05
morgan_bit_363,1.8183440885464518e-05
morgan_bit_187,1.814024985267876e-05
morgan_bit_1514,1.80955433431738e-05
morgan_bit_669,1.8064235161678787e-05
morgan_bit_1319,1.804137777819387e-05
morgan_bit_777,1.7973722690692157e-05
morgan_bit_905,1.7954823783330434e-05
morgan_bit_599,1.7921293857986657e-05
morgan_bit_1278,1.7796918757995278e-05
morgan_bit_812,1.7683717719160416e-05
morgan_bit_458,1.7503911472560935e-05
morgan_bit_934,1.7502564806798607e-05
morgan_bit_755,1.7397210257979826e-05
fr_alkyl_carbamate,1.736496709453242e-05
morgan_bit_1413,1.735103722752826e-05
morgan_bit_1590,1.7223987215917546e-05
morgan_bit_1244,1.712119146563733e-05
morgan_bit_1190,1.7108911367249066e-05
morgan_bit_848,1.70789856862817e-05
morgan_bit_2007,1.707415879194026e-05
morgan_bit_1711,1.6983019754814626e-05
morgan_bit_714,1.6976878752932737e-05
morgan_bit_215,1.6972083060067192e-05
morgan_bit_993,1.6939044446457187e-05
morgan_bit_618,1.6907207364000848e-05
morgan_bit_765,1.6899987523386664e-05
morgan_bit_262,1.684505888593159e-05
morgan_bit_791,1.6795677236462623e-05
morgan_bit_53,1.6700737126828515e-05
morgan_bit_1735,1.669338018796074e-05
morgan_bit_2003,1.6692069694468077e-05
morgan_bit_1752,1.6544487405051062e-05
morgan_bit_1134,1.639234225541074e-05
morgan_bit_63,1.634803308334254e-05
morgan_bit_1176,1.6342515137223243e-05
morgan_bit_1817,1.634204176778177e-05
morgan_bit_1263,1.6332644990171487e-05
morgan_bit_668,1.6245332988020446e-05
morgan_bit_1119,1.6236848317054398e-05
morgan_bit_1202,1.620027043115601e-05
morgan_bit_1342,1.6141621804677057e-05
morgan_bit_1344,1.6132305960901428e-05
morgan_bit_1472,1.6106753858586373e-05
morgan_bit_1727,1.604426411889125e-05
morgan_bit_1116,1.596467956106767e-05
morgan_bit_1337,1.578995116134682e-05
morgan_bit_1360,1.5746680734512706e-05
morgan_bit_98,1.57149909261103e-05
morgan_bit_824,1.5711261092094172e-05
morgan_bit_1538,1.5583673990099025e-05
morgan_bit_1374,1.5563910662757524e-05
morgan_bit_1674,1.5543046167364274e-05
morgan_bit_467,1.5517951503754497e-05
morgan_bit_138,1.534481398418942e-05
morgan_bit_1383,1.5323027263567172e-05
morgan_bit_1002,1.5124896712897852e-05
morgan_bit_1044,1.5109545022588922e-05
morgan_bit_1715,1.5087381582780752e-05
morgan_bit_1600,1.5026660322571619e-05
morgan_bit_1881,1.5020290235781995e-05
morgan_bit_560,1.4951729438851274e-05
morgan_bit_559,1.4931730211124829e-05
morgan_bit_538,1.4843782633531938e-05
morgan_bit_870,1.4655285229281081e-05
morgan_bit_763,1.4631646806661117e-05
morgan_bit_1078,1.4631249820327298e-05
morgan_bit_1250,1.4581135952267039e-05
morgan_bit_856,1.4573506054626092e-05
morgan_bit_410,1.4548254546168237e-05
morgan_bit_1296,1.4521710411344728e-05
morgan_bit_1378,1.4464760469051416e-05
morgan_bit_1587,1.4438531175496508e-05
morgan_bit_2008,1.4416495992173393e-05
morgan_bit_332,1.434465749846104e-05
morgan_bit_219,1.4274880895880089e-05
morgan_bit_1495,1.4264003058937099e-05
morgan_bit_1633,1.4255120964382011e-05
morgan_bit_434,1.4151368604692773e-05
morgan_bit_1490,1.4099428144620334e-05
morgan_bit_672,1.4082987112667266e-05
morgan_bit_1369,1.408239129185947e-05
morgan_bit_1875,1.4000420634706025e-05
morgan_bit_1723,1.3921565258592594e-05
morgan_bit_217,1.391511886715515e-05
morgan_bit_820,1.3870115438389651e-05
morgan_bit_1540,1.3852897993970927e-05
morgan_bit_433,1.3836500165806583e-05
morgan_bit_1966,1.3781741224683286e-05
morgan_bit_475,1.3759071169171505e-05
morgan_bit_1398,1.3729350241554048e-05
morgan_bit_1329,1.3658107201482112e-05
morgan_bit_1702,1.3549859778227656e-05
morgan_bit_498,1.3546594521425178e-05
morgan_bit_754,1.3517775961075659e-05
morgan_bit_28,1.351621014225767e-05
morgan_bit_447,1.350560646596451e-05
morgan_bit_1684,1.3428989066541983e-05
morgan_bit_1829,1.3372041824922322e-05
morgan_bit_1662,1.3258174027812317e-05
morgan_bit_287,1.325470377399236e-05
morgan_bit_1341,1.3248922665686986e-05
morgan_bit_1215,1.320534536776435e-05
morgan_bit_163,1.316213663701773e-05
morgan_bit_1969,1.3104745299377832e-05
morgan_bit_1749,1.3086258435477569e-05
morgan_bit_1187,1.3056738975562476e-05
morgan_bit_919,1.3012362989206574e-05
morgan_bit_1945,1.2953516920002148e-05
morgan_bit_73,1.2946951332874288e-05
morgan_bit_159,1.2932290214999262e-05
morgan_bit_1553,1.2929545583814366e-05
morgan_bit_605,1.2894208077773442e-05
morgan_bit_393,1.2849936436266865e-05
morgan_bit_1549,1.2831882494080888e-05
fr_SH,1.2812145883750364e-05
morgan_bit_1471,1.2689037180381071e-05
morgan_bit_496,1.2658736697635588e-05
fr_hdrzone,1.264546340513841e-05
morgan_bit_416,1.2574244772041916e-05
morgan_bit_688,1.2545704469745652e-05
morgan_bit_513,1.2360531204461127e-05
morgan_bit_1880,1.2241915159501816e-05
morgan_bit_112,1.2164110085267995e-05
morgan_bit_6,1.198036788512182e-05
morgan_bit_359,1.1884792132272123e-05
morgan_bit_1173,1.185045390144085e-05
morgan_bit_799,1.179751605432892e-05
morgan_bit_236,1.1789640617791977e-05
morgan_bit_1886,1.1738409302707922e-05
morgan_bit_1053,1.1628970472238569e-05
morgan_bit_1377,1.16254514619318e-05
morgan_bit_996,1.1607754366640678e-05
morgan_bit_1742,1.1583415506327081e-05
morgan_bit_142,1.1510855910931028e-05
morgan_bit_627,1.1408636153733877e-05
morgan_bit_1433,1.1344900614377434e-05
morgan_bit_1347,1.1343291262141367e-05
morgan_bit_1105,1.1220994893813339e-05
morgan_bit_1161,1.1216413062336733e-05
morgan_bit_2023,1.1216071270347794e-05
morgan_bit_95,1.1156420559629429e-05
morgan_bit_421,1.097966440563856e-05
morgan_bit_1547,1.0893514915014622e-05
morgan_bit_2001,1.0874017697887409e-05
morgan_bit_1510,1.0868590848015835e-05
morgan_bit_480,1.084389556649825e-05
fr_phos_acid,1.0787175130614978e-05
morgan_bit_30,1.0669936233812337e-05
morgan_bit_1013,1.0658558156773406e-05
morgan_bit_712,1.048661321649006e-05
morgan_bit_1658,1.0403058773534618e-05
morgan_bit_266,1.035202496097053e-05
morgan_bit_19,1.0311296743457548e-05
morgan_bit_1235,1.0296908338434721e-05
morgan_bit_1355,1.0289173487111752e-05
morgan_bit_801,1.0269678688659959e-05
morgan_bit_1016,1.0200702502166404e-05
morgan_bit_939,1.0098487765641117e-05
fr_oxazole,1.0026561163444805e-05
morgan_bit_2025,9.967699852520047e-06
morgan_bit_1878,9.865004818706674e-06
morgan_bit_1461,9.805472212528323e-06
morgan_bit_839,9.79236889906625e-06
morgan_bit_1579,9.764053884363751e-06
morgan_bit_1080,9.691205170697395e-06
morgan_bit_1111,9.65386589624594e-06
morgan_bit_225,9.56998884549063e-06
morgan_bit_200,9.533939409221763e-06
morgan_bit_991,9.49503841874315e-06
morgan_bit_549,9.373916725065862e-06
morgan_bit_553,9.318673162832152e-06
morgan_bit_660,9.29817040471745e-06
morgan_bit_710,9.263223912002832e-06
morgan_bit_1955,9.229381693056941e-06
morgan_bit_544,9.203244762437475e-06
morgan_bit_1330,9.177453775603392e-06
morgan_bit_1429,9.15375392426421e-06
morgan_bit_1485,9.11698323784352e-06
morgan_bit_868,8.952428363213305e-06
morgan_bit_24,8.845562074741274e-06
morgan_bit_757,8.747805449212292e-06
morgan_bit_39,8.606059261322793e-06
morgan_bit_539,8.516243309993505e-06
morgan_bit_107,8.49960542303033e-06
morgan_bit_1059,8.436992554563027e-06
morgan_bit_1462,8.435853750727888e-06
morgan_bit_1902,8.432550309570228e-06
morgan_bit_731,8.348569772761922e-06
morgan_bit_1488,8.314429201189623e-06
morgan_bit_1787,8.30829423207541e-06
morgan_bit_1483,8.294883666449315e-06
morgan_bit_992,8.200687337607365e-06
morgan_bit_1818,8.174227078471893e-06
morgan_bit_1967,7.9084580606775e-06
morgan_bit_1833,7.877820044120282e-06
morgan_bit_238,7.856052991799209e-06
morgan_bit_303,7.837716116430355e-06
morgan_bit_285,7.836376780401713e-06
morgan_bit_526,7.83538156103101e-06
morgan_bit_377,7.81182109231722e-06
morgan_bit_1834,7.745448677593501e-06
morgan_bit_173,7.726769268335839e-06
morgan_bit_746,7.683556087507543e-06
morgan_bit_1178,7.674040677083241e-06
morgan_bit_388,7.669891812987584e-06
morgan_bit_1565,7.659638982956512e-06
morgan_bit_641,7.651710595736887e-06
morgan_bit_306,7.619054993229466e-06
morgan_bit_1726,7.587197131802499e-06
morgan_bit_374,7.571779618596731e-06
morgan_bit_444,7.5655404612428875e-06
morgan_bit_1931,7.536673915159111e-06
morgan_bit_1619,7.438394087357924e-06
morgan_bit_1704,7.4338737215374525e-06
morgan_bit_774,7.428438538034059e-06
morgan_bit_1252,7.388839316111238e-06
morgan_bit_995,7.381676003814275e-06
morgan_bit_1159,7.340121532306758e-06
morgan_bit_923,7.3253809348255825e-06
morgan_bit_1601,7.26078738879631e-06
morgan_bit_1306,7.239419052183526e-06
morgan_bit_579,7.235186787618009e-06
morgan_bit_532,7.208596696565885e-06
morgan_bit_1426,7.193862263151177e-06
morgan_bit_1177,7.1656315185202864e-06
morgan_bit_951,7.134954456123238e-06
morgan_bit_1424,7.119303551995044e-06
morgan_bit_907,7.107176976602732e-06
morgan_bit_1751,7.03425079107496e-06
morgan_bit_1591,7.030130653565782e-06
morgan_bit_1368,7.026093120258626e-06
morgan_bit_466,6.995163425315995e-06
morgan_bit_1284,6.986612117142287e-06
morgan_bit_96,6.954807725426833e-06
morgan_bit_1806,6.943943914028701e-06
morgan_bit_2014,6.900971217549816e-06
morgan_bit_1358,6.863282609815479e-06
morgan_bit_1770,6.8461410574390855e-06
morgan_bit_101,6.830666267714271e-06
morgan_bit_1782,6.6668957367062995e-06
morgan_bit_930,6.6554075922882464e-06
morgan_bit_957,6.527863860992491e-06
morgan_bit_963,6.519599452761784e-06
morgan_bit_901,6.491488070116007e-06
morgan_bit_1051,6.467241603082603e-06
morgan_bit_1952,6.301994301994301e-06
morgan_bit_349,6.281400310962094e-06
morgan_bit_1756,6.257433959325461e-06
morgan_bit_1201,6.240762234396914e-06
morgan_bit_1777,6.209288802184913e-06
morgan_bit_2010,6.1775647299438245e-06
morgan_bit_977,6.159179954612036e-06
morgan_bit_1041,6.085956179055477e-06
morgan_bit_1466,6.080693778277014e-06
morgan_bit_920,6.076299866680341e-06
morgan_bit_1772,6.058041010400859e-06
morgan_bit_587,5.9924935303712036e-06
morgan_bit_1871,5.948504169440651e-06
morgan_bit_459,5.703190107811182e-06
morgan_bit_1628,5.654573317109769e-06
morgan_bit_247,5.611422778864932e-06
morgan_bit_506,5.572827122010497e-06
morgan_bit_1198,5.559837831089276e-06
morgan_bit_1555,5.5591246237885325e-06
morgan_bit_399,5.492038928362945e-06
morgan_bit_723,5.419780454889502e-06
morgan_bit_25,5.401454563853056e-06
morgan_bit_1291,5.2365180974196486e-06
morgan_bit_1713,5.174888164844849e-06
fr_phos_ester,5.100395033972121e-06
morgan_bit_492,5.081491498574141e-06
morgan_bit_312,5.070337059252297e-06
morgan_bit_195,5.0489437279590285e-06
morgan_bit_655,5.002831132954636e-06
morgan_bit_773,4.864811606578376e-06
morgan_bit_1807,4.863064715695386e-06
morgan_bit_1891,4.859519325372368e-06
morgan_bit_1872,4.7476656513899734e-06
morgan_bit_1400,4.728756725784966e-06
morgan_bit_1241,4.716734124884396e-06
morgan_bit_271,4.571375337891542e-06
morgan_bit_1605,4.3887192346939005e-06
morgan_bit_1442,4.254638040361806e-06
morgan_bit_707,4.1546241729602635e-06
morgan_bit_2016,4.059261796694357e-06
morgan_bit_160,3.961063200330732e-06
morgan_bit_943,3.913585732179155e-06
morgan_bit_1703,3.897435149230495e-06
morgan_bit_1789,3.888831914675417e-06
morgan_bit_1672,3.855084488560399e-06
morgan_bit_2011,3.826885009022349e-06
morgan_bit_1545,3.821201852735443e-06
morgan_bit_201,3.815765656925718e-06
morgan_bit_1837,3.8123848216413175e-06
morgan_bit_1418,3.772633572640442e-06
morgan_bit_1314,3.7707327886180817e-06
morgan_bit_1491,3.7698210600217197e-06
morgan_bit_730,3.767215394029927e-06
morgan_bit_64,3.754664267529369e-06
morgan_bit_297,3.7527810635501813e-06
morgan_bit_1139,3.737491323313454e-06
morgan_bit_1523,3.7128596296510596e-06
morgan_bit_1643,3.692276859818549e-06
morgan_bit_1642,3.678700017300035e-06
morgan_bit_1954,3.6270042410874945e-06
morgan_bit_958,3.623132360886891e-06
morgan_bit_244,3.6068218748850176e-06
morgan_bit_1376,3.5802262648912176e-06
morgan_bit_663,3.549769566676484e-06
morgan_bit_1677,3.541352292269144e-06
morgan_bit_659,3.5101250142427973e-06
morgan_bit_1343,3.4984117203427705e-06
morgan_bit_382,3.479510965744876e-06
morgan_bit_726,3.410230002493642e-06
morgan_bit_436,3.4078163120912052e-06
fr_nitroso,3.3882656027674417e-06
morgan_bit_1795,3.383046822311444e-06
morgan_bit_223,3.3810758360758566e-06
morgan_bit_152,3.37574845998569e-06
morgan_bit_1767,3.375421765914885e-06
morgan_bit_619,3.3388061018971008e-06
morgan_bit_1122,3.308390920359996e-06
morgan_bit_613,3.2871439399951905e-06
morgan_bit_1014,3.2523806191050597e-06
morgan_bit_508,3.2407819079969134e-06
morgan_bit_1246,3.2407464382555755e-06
morgan_bit_608,3.2121541240465393e-06
morgan_bit_1222,3.205751161335415e-06
morgan_bit_1054,3.1611755445929922e-06
morgan_bit_756,3.1335902560670653e-06
morgan_bit_1983,3.0953767391816327e-06
morgan_bit_234,3.0728488921967432e-06
morgan_bit_356,3.044305216760241e-06
morgan_bit_1577,3.043111516897359e-06
Ipc,3.0431115168973585e-06
morgan_bit_793,3.038823080489576e-06
morgan_bit_1467,3.0364506099542304e-06
morgan_bit_450,3.0336276060112156e-06
morgan_bit_1052,2.977234271650516e-06
morgan_bit_103,2.886924379482554e-06
morgan_bit_1904,2.7004226332333837e-06
morgan_bit_1072,2.4454809157265514e-06
morgan_bit_1262,2.20649007905972e-06
morgan_bit_185,2.1615616872767475e-06
morgan_bit_47,2.160497625503718e-06
morgan_bit_40,2.148059778600296e-06
morgan_bit_611,2.0294527542114357e-06
morgan_bit_922,2.0286927343696505e-06
morgan_bit_1301,2.028244459426639e-06
morgan_bit_396,2.0280872108307044e-06
morgan_bit_1340,2.0280677734040733e-06
morgan_bit_535,2.0264640818219506e-06
morgan_bit_1812,1.8650460177480367e-06
morgan_bit_2036,1.8138304951799495e-06
morgan_bit_1412,1.1576872632419643e-06
morgan_bit_1748,9.990972794949242e-07
morgan_bit_1709,7.911548129379308e-07
morgan_bit_1527,6.764018299494974e-07
morgan_bit_170,6.751098121656496e-07
morgan_bit_1127,5.400878497325193e-07
morgan_bit_1272,5.20237880923952e-07
morgan_bit_1933,4.3108153168345703e-07
morgan_bit_505,7.761217596502828e-08
morgan_bit_1851,5.1128249012538585e-08
morgan_bit_764,6.233278638289236e-09
fr_diazo,0.0
morgan_bit_290,0.0
morgan_bit_768,0.0
fr_isothiocyan,0.0
morgan_bit_279,0.0
morgan_bit_1705,0.0
morgan_bit_986,0.0
morgan_bit_330,0.0
morgan_bit_1690,0.0
morgan_bit_1394,0.0
morgan_bit_1678,0.0
morgan_bit_761,0.0
morgan_bit_1486,0.0
morgan_bit_700,0.0
morgan_bit_320,0.0
morgan_bit_337,0.0
morgan_bit_1271,0.0
SMR_VSA8,0.0
morgan_bit_1151,0.0
morgan_bit_1185,0.0
morgan_bit_1169,0.0
morgan_bit_372,0.0
morgan_bit_1732,0.0
fr_isocyan,0.0
morgan_bit_929,0.0
morgan_bit_1216,0.0
morgan_bit_1229,0.0
morgan_bit_44,0.0
morgan_bit_1064,0.0
morgan_bit_683,0.0
morgan_bit_1753,0.0
morgan_bit_681,0.0
morgan_bit_199,0.0
SlogP_VSA9,0.0
morgan_bit_1062,0.0
morgan_bit_1650,0.0
morgan_bit_1743,0.0
morgan_bit_1397,0.0
morgan_bit_1031,0.0
morgan_bit_183,0.0
morgan_bit_1811,0.0
morgan_bit_1406,0.0
morgan_bit_422,0.0
morgan_bit_1359,0.0
morgan_bit_1350,0.0
morgan_bit_1821,0.0
morgan_bit_189,0.0
morgan_bit_1331,0.0
morgan_bit_842,0.0
morgan_bit_851,0.0
morgan_bit_180,0.0
morgan_bit_1835,0.0
morgan_bit_154,0.0
morgan_bit_161,0.0
morgan_bit_149,0.0
morgan_bit_1968,0.0
morgan_bit_596,0.0
morgan_bit_213,0.0
morgan_bit_1131,0.0
morgan_bit_1132,0.0
morgan_bit_443,0.0
morgan_bit_483,0.0
morgan_bit_1869,0.0
morgan_bit_578,0.0
morgan_bit_1310,0.0
morgan_bit_1315,0.0
morgan_bit_1890,0.0
morgan_bit_1883,0.0
morgan_bit_867,0.0
morgan_bit_1546,0.0
morgan_bit_1559,0.0
morgan_bit_1242,0.0
morgan_bit_1248,0.0
morgan_bit_514,0.0
morgan_bit_1566,0.0
morgan_bit_1894,0.0
morgan_bit_558,0.0
morgan_bit_518,0.0
morgan_bit_546,0.0
morgan_bit_537,0.0
morgan_bit_1913,0.0
morgan_bit_1925,0.0
morgan_bit_1001,0.0
morgan_bit_1010,0.0
morgan_bit_1541,0.0
morgan_bit_945,0.0
morgan_bit_1529,0.0
morgan_bit_111,0.0
morgan_bit_38,0.0
morgan_bit_997,0.0
fr_thiocyan,0.0
fr_aldehyde,0.0
