smiles,true_label,rf_prob,rf_pred
CC1:C:N([C@H]2C[C@H](F)[C@@H](CO)O2):C(=O):[NH]:C:1=O,1,0.754,1
NC1:N:N:C(C2:C:C:C:C(Cl):C:2Cl):C(N):N:1,1,0.576,1
CCNC(=NC#N)NCCSCC1:N:C:C:C:C:1Br,0,0.612,1
CCCC(C)C1(CC)C(=O)NC(=O)NC1=O,1,0.694,1
CCOC(=O)C1:C:N:C:N:1C(C)C1:C:C:C:C:C:1,1,0.82,1
CC(=O)NC1:C:C:C:C(C2:C:S:C(N=C(N)N):N:2):C:1,0,0.694,1
NC(N)=NC1:N:C(C2:C:C:C:C:C:2):C:S:1,1,0.594,1
CN1:N:N:N:C:1SCC1=C(C(=O)O)N2C(=O)[C@@H](NC(=O)[C@H](O)C3:C:C:C:C:C:3)[C@H]2SC1,1,0.008,0
CN(C)CCC1:C:C:C:C:N:1,1,0.828,1
C=C[C@H]1CN2CC[C@H]1C[C@@H]2[C@@H](O)C1:C:C:N:C2:C:C:C(OC):C:C:1:2,1,0.108,0
NC(N)=NC1:N:C(C2:C:C:C:C(N):C:2):C:S:1,1,0.594,1
CNC(=NC#N)NC1:C:C:C:C(C2:C:S:C(N=C(N)N):N:2):C:1,0,0.6,1
CNCCC1:C:C:C:C:N:1,1,0.852,1
CN1CC2C3:C:C:C:C:C:3OC3:C:C:C(Cl):C:C:3C2C1,1,0.99,1
CN(C)CC1:C:C:C(CSCCNC2N=CC=C2[N+](=O)[O-]):O:1,0,0.612,1
ClC1:C:C:C2:C(:C:1)C1CNCC1C1:C:C:C:C:C:1O2,1,0.984,1
CC1:N:C2:N(:C(=O):C:1CCN1CCC(C3:N:O:C4:C:C(F):C:C:C:3:4)CC1)CCCC2O,1,0.76,1
O=C1NC2:C:C:C(Cl):C:C:2C(C2:C:C:C:C:C:2)=NC1O,1,0.842,1
NC1=NC(=O)C(C2:C:C:C:C:C:2)O1,1,0.892,1
CCC1:C:C(C(N)=S):C:C:N:1,1,0.812,1
COC1:C:C([C@@H]2C3:C:C4:C(:C:C:3[C@@H](O[C@@H]3O[C@@H]5CO[C@@H](C)O[C@H]5[C@H](O)[C@H]3O)C3COC(=O)[C@@H]32)OCO4):C:C(OC):C:1O,0,0.21,0
OC(CN1:C:N:C:N:1)(CN1:C:N:C:N:1)C1:C:C:C(F):C:C:1F,1,0.612,1
COC1:C:C:C(CCN2CCC(NC3:N:C4:C:C:C:C:C:4:N:3CC3:C:C:C(F):C:C:3)CC2):C:C:1,0,0.752,1
CC(C)(C)NCC(O)COC1:C:C:C:C2:C:1CCC(=O)N2,0,0.676,1
CN1CCN(C2=NC3:C:C:C:C:C:3CC3:C:C:C:C:C:32)CC1,1,0.976,1
CCOC(=O)C1(C2:C:C:C:C:C:2)CCN(C)CC1,1,0.886,1
CC(=O)[C@H]1CC[C@H]2[C@@H]3CC[C@@H]4C[C@H](O)CC[C@]4(C)[C@H]3CC[C@]12C,1,0.66,1
COC1:C:C(NCC2:C:C:C3:N:C(N):N:C(N):C:3:C:2C):C:C(OC):C:1OC,0,0.664,1
O=C1:C(CC2:C(O):O:C3:C:C:C:C:C:3:C:2=O):C(O):O:C2:C:C:C:C:C:1:2,0,0.372,0
CC/C(=C(/CC)C1:C:C:C(O):C:C:1)C1:C:C:C(O):C:C:1,0,0.522,1
C=CCC1(C(C)CCC)C(=O)NC(=O)NC1=O,1,0.814,1
O=C1CSC2(CCN(CCCN3C4:C:C:C:C:C:4SC4:C:C:C(Cl):C:C:43)CC2)N1.[Cl-].[H+],1,0.842,1
ClC1:C:C:C(COC(CN2:C:C:N:C:2)C2:C:C:C(Cl):C:C:2Cl):C:C:1,0,0.864,1
C[C@]12CC[C@@H]3C4:C:C:C(O):C:C:4CC[C@H]3[C@@H]1CC[C@@H]2O,0,0.464,0
CN1C(=O)C(O)N=C(C2:C:C:C:C:C:2)C2:C:C(Cl):C:C:C:21,1,0.85,1
C#C[C@]1(O)CC[C@H]2[C@@H]3CCC4:C:C(O):C:C:C:4[C@H]3CC[C@@]21C,0,0.478,0
O=C1:[NH]:C(=O):N([C@H]2C[C@H](O)[C@@H](CO)O2):C:C:1F,0,0.63,1
NC1:N:C(=O):C2:N:C:N(COC(CO)CO):C:2:[NH]:1,0,0.546,1
CC(CN(C)C)CN1C2:C:C:C:C:C:2CCC2:C:C:C:C:C:21,1,0.99,1
CC(C)[N+]1(C)C2CCC1CC(OC(=O)C(CO)C1:C:C:C:C:C:1)C2.[Br-],0,0.368,0
NNC1:N:N:C:C2:C:C:C:C:C:1:2,0,0.686,1
COC1:C:C:C2:C(:C:1):C(CC(=O)O):C(C):N:2C(=O)C1:C:C:C(Cl):C:C:1,0,0.46,0
CC1:N:C2:N(:C(=O):C:1CCN1CCC(C3:N:O:C4:C:C(F):C:C:C:3:4)CC1)CCC[C@H]2O,1,0.758,1
NNC(=O)C1:C:C:N:C:C:1,0,0.83,1
CC(C)[N+](C)(CCOC(=O)C1C2:C:C:C:C:C:2OC2:C:C:C:C:C:21)C(C)C.[Br-],0,0.594,1
CCC1:N:C(N):N:C(N):C:1C1:C:C:C(Cl):C:C:1,1,0.636,1
C#C[C@]1(O)CC[C@H]2[C@@H]3CCC4:C:C(OC):C:C:C:4[C@H]3CC[C@@]21C,0,0.588,1
CC[N+](C)(CC)CCOC(=O)C1C2:C:C:C:C:C:2OC2:C:C:C:C:C:21,0,0.706,1
COC1:C:C:C:N:C:1CCCCNC1:N:C:C(CC2:C:C:C(C):N:C:2):C(=O):[NH]:1.[Cl-].[Cl-].[Cl-].[H+].[H+].[H+],0,0.536,1
ClC1:C:C:C(COC(CN2:C:C:N:C:2)C2:C:C:C(Cl):C:C:2Cl):C(Cl):C:1,0,0.84,1
CCOC(=O)C(C1:C(O):O:C2:C:C:C:C:C:2:C:1=O)C1:C(O):O:C2:C:C:C:C:C:2:C:1=O,0,0.312,0
OCC1:C:C:C:N:C:1,0,0.906,1
CC1:C:C:C:C2:C:1OC1:C:C:C:C:C:1[C@@]1(O)CCNC[C@H]21,1,0.954,1
CC1:C:C:C:C2:C:1OC1:C:C:C:C:C:1[C@@]1(O)CCN(C)C[C@H]21,1,0.954,1
CC(C)(C)NCC(O)C1:C:C:C(O):C(CO):N:1,0,0.25,0
CC1:N:C2:N(:C(=O):C:1CCN1CCC(C3:N:O:C4:C:C(F):C:C:C:3:4)CC1)CCCC2,1,0.908,1
CC1:C:C:C(CC2:C:N:C(NCCCCC3:N:C:C(Br):C:C:3C):[NH]:C:2=O):C:N:1,0,0.656,1
CC(C)(O/N=C(\C(=O)N[C@@H]1C(=O)N2C(C(=O)[O-])=C(C[N+]3:C:C:C:C:C:3)CS[C@H]12)C1:C:S:C(N):N:1)C(=O)O,1,0.086,0
COC1:C:C([C@@H]2C3:C:C4:C(:C:C:3[C@@H](OC3OC5COC(C6:C:C:C:S:6)OC5C(O)C3O)[C@H]3COC(=O)[C@H]23)OCO4):C:C(OC):C:1O,1,0.21,0
NC1:N:C:N:C2:C:1:N:C:N:2C1OC(CO)C(O)C1O,1,0.552,1
S=C(NC1CCCCC1)N1CCC(C2:C:N:C:[NH]:2)CC1,1,0.928,1
CC(=O)S[C@@H]1CC2=CC(=O)CC[C@]2(C)[C@H]2CC[C@@]3(C)[C@@H](CC[C@@]34CCC(=O)O4)[C@@H]21,0,0.792,1
O=C(CC1:C:C:C(Cl):C(Cl):C:1)N1CCCC[C@H]1CN1CCCC1,1,0.952,1
O=C(CC1:C:C:C(C(F)(F)F):C:C:1)N1CCCC[C@H]1CN1CCCC1,1,0.87,1
NC1:N:C(=S):C2:[NH]:C:N:C:2:[NH]:1,0,0.56,1
NC1:N:C(N):C2:N:C(C3:C:C:C:C:C:3):C(N):N:C:2:N:1,0,0.536,1
COC1:C:C:C(CCN(C)CCCC(C#N)(C2:C:C:C(OC):C(OC):C:2)C(C)C):C:C:1OC,0,0.626,1
NCCCN1C2:C:C:C:C:C:2CCC2:C:C:C:C:C:21,1,0.968,1
O=C(CC1:C:C:C(Cl):C(Cl):C:1)N1CCC2:[NH]:C:N:C:2[C@H]1CN1CCCC1,0,0.852,1
COC(=O)[C@H]1[C@@H](O)CC[C@H]2CN3CCC4:C(:[NH]:C5:C:C:C:C:C:4:5)[C@@H]3C[C@@H]21,0,0.74,1
CC1:C:N([C@H]2C[C@H](N=[N+]=[N-])[C@@H](CO)O2):C(=O):[NH]:C:1=O,0,0.652,1
C=CCC1(CC=C)C(=O)NC(=O)NC1=O,1,0.862,1
CCC1(CCC(C)C)C(=O)NC(=O)NC1=O,1,0.824,1
CN1C(=O)CN=C(C2:C:C:C:C:C:2F)C2:C:C([N+](=O)[O-]):C:C:C:21,1,0.84,1
CN1CCC2:C:C:C:C3:C:2[C@H]1CC1:C:C:C(O):C(O):C:13,1,0.756,1
CN1C2CCC1CC(OC(C1:C:C:C:C:C:1)C1:C:C:C:C:C:1)C2.O=S(=O)(O)O,1,0.744,1
C=CCC1(C(C)C#CCC)C(=O)NC(=O)N(C)C1=O,1,0.806,1
CC(C)(C)C1:C:C:C(CN2CCN(C(C3:C:C:C:C:C:3)C3:C:C:C(Cl):C:C:3)CC2):C:C:1,1,0.752,1
CCC(C)C1(CC)C(=O)NC(=O)NC1=O,1,0.782,1
CN(C)CC/C=C1/C2:C:C:C:C:C:2SC2:C:C:C(Cl):C:C:21,1,0.974,1
CN(C)CCCN1C2:C:C:C:C:C:2CCC2:C:C:C(Cl):C:C:21,1,0.99,1
O=C1CN=C(C2:C:C:C:C:C:2Cl)C2:C:C([N+](=O)[O-]):C:C:C:2N1,1,0.834,1
CC1C2CC3:C:C:C(O):C:C:3C1(C)CCN2CC1CC1,1,0.952,1
FC(F)(F)C1:C:C:C2:C(:C:1)N(CCCN1CCN(C3CC3)CC1)C1:C:C:C:C:C:1S2,1,0.968,1
CCOC(=O)C1(C2:C:C:C:C:C:2)CCN(C)CC1.[Cl-].[H+],1,0.806,1
NCCC1:N:C(C2:C:C:C:C:C:2):C:S:1,0,0.868,1
CN1/C(=C(/O)NC2:C:C:C:C:N:2)C(=O)C2:C:C:C:C:C:2S1(=O)=O,0,0.152,0
CNCCCN1C2:C:C:C:C:C:2CCC2:C:C:C:C:C:21,1,0.996,1
CN1C(=O)CN=C(C2:C:C:C:C:C:2)C2:C:C(Cl):C:C:C:21,1,0.994,1
CCCNC(=O)C1:C:C:C2:C(:C:1)N([C@@H](C)CN1CCCC1)C1:C:C:C:C:C:1S2,1,0.948,1
O=C(CC1:C:C:C(Cl):C(Cl):C:1)N1CCC2:[NH]:C:N:C:2[C@H]1CN1CC[C@@H](O)C1,0,0.288,0
CCN(CC)CCN1C(=O)CN=C(C2:C:C:C:C:C:2F)C2:C:C(Cl):C:C:C:21,1,0.974,1
CCNCC1:C(CSC):C:N:C(C):C:1O,1,0.782,1
CN(C)CCCN1C2:C:C:C:C:C:2CCC2:C:C:C:C:C:21,1,0.998,1
O=C1NC2:C:C:C(Cl):C:C:2C(C2:C:C:C:C:C:2Cl)=NC1O,1,0.862,1
CN1CCN=C(C2:C:C:C:C:C:2)C2:C:C(Cl):C:C:C:21,1,0.964,1
NCCN1:N:C:C2:C:C(Cl):C(Cl):C:C:2:1,1,0.852,1
NC1:N:C(NC2CC2):C2:N:C:N([C@H]3C=C[C@@H](CO)C3):C:2:N:1,1,0.664,1
NC1:N:C(=O):C2:N:C:N(COCCO):C:2:[NH]:1,1,0.64,1
CCC1(CC)C(=O)NCC(C)C1=O,1,0.94,1
CN1CC=C(C2:C:C:C:C:C:2)CC1,1,0.982,1
O=C1CN=C(C2:C:C:C:C:C:2)C2:C:C([N+](=O)[O-]):C:C:C:2N1,1,0.84,1
O=C1CN=C(C2:C:C:C:C:C:2)C2:C:C(Cl):C:C:C:2N1,1,0.982,1
CC[C@@]1(O)C[C@H](OC2CC(N(C)C)C(OC3CC(O)C(OC4CCC(=O)C(C)O4)C(C)O3)C(C)O2)C2:C(:C:C3:C(:C:2O)C(=O)C2:C(O):C:C:C:C:2C3=O)[C@H]1C(=O)OC,0,0.066,0
CC1(C)S[C@@H]2[C@H](NC(=O)C34C[C@@H]5C[C@@H](CC(N)(C5)C3)C4)C(=O)N2[C@H]1C(=O)O,0,0.142,0
CC(C)(C)C(=O)OCOC(=O)C1N2C(=O)[C@@H](N=CN3CCCCCC3)[C@H]2SC1(C)C,0,0.382,0
CCOC(=O)OC(C)OC(=O)[C@@H]1N2C(=O)[C@@H](N=CN3CCCCCC3)[C@H]2SC1(C)C,0,0.386,0
CC(=O)[C@]1(O)CC2:C(O):C3:C(:C(O):C:2C(OC2CC(N)C(O)C(C)O2)C1)C(=O)C1:C(O):C:C:C:C:1C3=O,0,0.008,0
CO/N=C(/C(=O)N[C@@H]1C(=O)N2C(C(=O)O)=C(CSC3:N:C(C):C(CC(=O)O):S:3)CS[C@H]12)C1:C:S:C(N):N:1,0,0.04,0
O=C(O)C1=C(CSC2:N:N:N:N:2CS(=O)(=O)O)CS[C@@H]2[C@H](NC(=O)C(O)C3:C:C:C:C:C:3)C(=O)N12,0,0.036,0
NCC1:C:C:C:C:C:1CC(=O)N[C@@H]1C(=O)N2C(C(=O)O)=C(CSC3:N:N:N:N:3CC(=O)O)CS[C@H]12,0,0.052,0
CO[C@@]1(NC(=O)C2SC(=C(C(N)=O)C(=O)O)S2)C(=O)N2C(C(=O)O)=C(CSC3:N:N:N:N:3C)CS[C@@H]21,0,0.096,0
CC(=O)OCC1=C(C(=O)O)N2C(=O)[C@@H](NC(=O)CCC[C@@H](N)C(=O)O)[C@H]2SC1,0,0.068,0
CCOC(OCC)C(=O)OCC(=O)C1(O)CC2:C(O):C3:C(:C(O):C:2C(OC2CC(N)C(O)C(C)O2)C1)C(=O)C1:C(OC):C:C:C:C:1C3=O,0,0.076,0
COC1:C:C:C(C2:C:C(=O):C3:C(O):C:C(O[C@@H]4O[C@H](CO[C@@H]5O[C@@H](C)[C@H](O)[C@@H](O)[C@H]5O)[C@@H](O)[C@H](O)[C@H]4O):C:C:3:O:2):C:C:1O,0,0.112,0
CC(C)(OC1:C:C:C(Cl):C:C:1)C(=O)N[C@@H](C(=O)N[C@@H]1C(=O)N2[C@@H](C(=O)O)C(C)(C)S[C@H]12)C1:C:C:C:C:C:1,0,0.07,0
CC(C)CC(OC(=O)C1:C:C:C:O:1)C(=O)N[C@@H]1C(=O)N2[C@@H](C(=O)O)C(C)(C)S[C@H]12,0,0.036,0
CC(C)CC1NC(=O)C(CCCN)NC(=O)C(C(C)C)NC(=O)C2CCCN2C(=O)C(CC2:C:C:C:C:C:2)NC(=O)C(CC(C)C)NC(=O)C(CCCN)NC(=O)C(C(C)C)NC(=O)C2CCCN2C(=O)C(CC2:C:C:C:C:C:2)NC1=O,0,0.136,0
CC1(C)S[C@@H]2[C@H](N=CN3CCCCCC3)C(=O)N2[C@H]1C(=O)O,0,0.278,0
CC1OC(OC2CC(O)(C(=O)CO)CC3:C(O):C4:C(:C(O):C:32)C(=O)C2:C:C:C:C:C:2C4=O)CC(N)C1O,0,0.01,0
C[C@H](O)C1C(=O)N2C(C(=O)O)=C(S[C@@H]3CN[C@H](C(=O)N(C)C)C3)[C@H](C)C12.O.O.O,0,0.054,0
CO[C@H]1/C=C/O[C@@]2(C)OC3:C(C):C(O):C4:C(:C:3C2=O)C2=NC3(CCN(CC(C)C)CC3)NC2=C(NC(=O)/C(C)=C\C=C\[C@H](C)[C@H](O)[C@@H](C)[C@@H](O)[C@@H](C)[C@H](OC(C)=O)[C@@H]1C)C4=O,0,0.116,0
CCCCCCCCCC(=O)N[C@H]1[C@H](OC2:C3:C:C4:C:C:2OC2:C:C:C(:C:C:2Cl)[C@@H](O[C@@H]2O[C@H](CO)[C@@H](O)[C@H](O)[C@H]2NC(C)=O)[C@@H]2NC(=O)[C@H](NC(=O)[C@@H]4NC(=O)[C@H]4NC(=O)[C@@H](CC5:C:C:C(:C(Cl):C:5)O3)NC(=O)[C@H](N)C3:C:C:C(O):C(:C:3)OC3:C:C(O):C:C4:C:3)C3:C:C:C(O):C(:C:3)C3:C(O[C@H]4O[C@H](CO)[C@@H](O)[C@H](O)[C@@H]4O):C:C(O):C:C:3[C@H](C(=O)O)NC2=O)O[C@H](CO)[C@@H](O)[C@@H]1O,0,0.224,0
CN1:C(=O):C2:C(:N:C:N:2CCNCC(O)C2:C:C:C(O):C(O):C:2):N(C):C:1=O,0,0.276,0
CCCC[C@@H]1CC(=O)[C@]2(O)O[C@@H]3[C@@H](NC)[C@@H](O)[C@@H](NC)[C@H](O)[C@H]3O[C@@H]2O1,0,0.174,0
CC(CC1:C:C:C:C:C:1)NCCN1:C:N:C2:C:1:C(=O):N(C):C(=O):N:2C.[Cl-].[H+],1,0.75,1
C=CC1O[C@@H]2CC3C4CCC5=CC(=O)C=CC5(C)C4(F)C(O)CC3(C)[C@]2(C(=O)CO)O1,1,0.922,1
CNC[C@@H]1CN(C2:C:C:C(OCC3:C:C:C:C(Cl):C:3):C:C:2)C(=O)O1,1,0.842,1
CCC(=O)O[C@]1(C2:C:C:C:C:C:2)CCN(C)C[C@@H]1CC,1,0.95,1
CCC1(CC)O[C@@H]2C[C@H]3C4CCC5=CC(=O)C=CC5(C)[C@@]4(F)[C@@H](O)CC3(C)[C@]2(C(=O)CO)O1,1,0.966,1
CC12C[C@H](O)[C@@]3(F)C(CCC4=CC(=O)C=CC43C)[C@@H]1C[C@H]1O[C@@](C)(C3:C:C:C:C:C:3)O[C@]12C(=O)CO,1,0.92,1
CCNC(=O)N1CCN(CCCC(C2:C:C:C(F):C:C:2)C2:C:C:C(F):C:C:2)CC1,1,0.9,1
COC1:C:C:C(C(=O)N2CCCC2=O):C:C:1,1,0.84,1
COC1:C:C2:O:C(=O):C(C):C(C):C:2:C:C:1OCCCN1CCN(C2:C:C:C:C:C:2OC)CC1,1,0.82,1
CCCNC(=O)C1:C:C:C2:C(:C:1)N([C@H](C)CN1CCCC1)C1:C:C:C:C:C:1S2,1,0.948,1
C=CCC1(C(C)C)C(=O)NC(=O)NC1=O,1,0.822,1
C[N+]1([O-])C2CCC1CC(OC(=O)C(CO)C1:C:C:C:C:C:1)C2,1,0.322,0
NC1:C:C:C(S(=O)(=O)N2CC3CCC(CC3)C2):C:C:1,1,0.84,1
O=C(CCCN1CCN2CCCC2C1)C1:C:C:C(F):C:C:1,1,0.96,1
O=C1NCCN1C1CCN(CCC2COC3:C:C:C:C:C:3O2)CC1,1,0.87,1
CCC1(CC)C(=O)NC(=O)NC1=O,1,0.89,1
C[N+](C)([O-])CC/C=C1/C2:C:C:C:C:C:2C=CC2:C(Cl):C:C:C:C:21,1,0.87,1
NC1:N:C(=O):C2:N:C:N(CC[C@@H](O)CO):C:2:[NH]:1,1,0.55,1
CC(C)(C)[C@]1(O)CCN2C[C@H]3C4:C:C:C:C:C:4CCC4:C:C:C:C(:C:43)[C@@H]2C1.[Cl-].[H+],1,0.834,1
CC(NCCN1:C:N:C2:C:1:C(=O):N(C):C(=O):N:2C)C(O)C1:C:C:C:C:C:1,1,0.564,1
CN(C)C(=O)OC1N=C(C2:C:C:C:C:C:2)C2:C:C(Cl):C:C:C:2N(C)C1=O,1,0.796,1
CCCCC1(CCOC(N)=O)C(=O)NC(=O)NC1=O,1,0.596,1
NC(=O)CN1CC2:C:C:C:C:C:2OC1=O,1,0.944,1
COCC1:C(C(C)C):N:C(C(C)C):C(/C=C/[C@@H](O)C[C@@H](O)CC(=O)O):C:1C1:C:C:C(F):C:C:1,1,0.458,0
CC1:C:C(C):C(=O):[NH]:N:1,1,0.858,1
OC[C@@H](O)[C@H]1OC2O[C@H](C(Cl)(Cl)Cl)O[C@@H]2[C@H]1O,1,0.548,1
COCC1CN(C2:C:C:C(OCC3:C:C:C:C(C#N):C:3):C:C:2)C(=O)O1,1,0.824,1
COC1:C:C(/C=C/C(=O)N2CCCCCCC2):C:C(OC):C:1OC,1,0.932,1
N#CCCN1C(=O)C(O)N=C(C2:C:C:C:C:C:2F)C2:C:C(Cl):C:C:C:21,1,0.764,1
CN1CCC2=C(CC1)C1:C:C(C#N):C:C:C:1SC1:C:C:C:C:C:12,1,0.976,1
COC1:C:C(N):C(Cl):C:C:1C(=O)NC1CCN(CC2:C:C:C:C:C:2)CC1,1,0.908,1
CCC1:C:C2:C(:S:1)N(C)C(=O)CN=C2C1:C:C:C:C:C:1Cl,1,0.96,1
CN(C)CCC=C1C2:C:C:C:C:C:2C=CC2:C:C:C:C:C:21,1,0.992,1
C/C(=C1/CCOC(=O)S1)N(C=O)CC1:C:N:C(C):N:C:1N,1,0.822,1
OC(C1=NCCN1)(C1:C:C:C(Cl):C:C:1)C1:C:C:C:C:N:1,1,0.836,1
O=C1CN(O)C(C2:C:C:C:C:C:2)=C2:C:C(Cl):C:C:C:2=N1,1,0.882,1
CNCCC(OC1:C:C:C:C2:C:C:C:C:C:1:2)C1:C:C:C:S:1,1,0.908,1
CC1:N:C:C:N:1C(C)C1:C:C:C:C:C:1,1,0.854,1
CCS(=O)(=O)CCN1C(=O)CN=C(C2:C:C:C:C:C:2F)C2:C:C(Cl):C:C:C:21,1,0.88,1
CCCCNCC1COC2:C:C:C:C(OCC):C:2O1.[Cl-].[H+],1,0.844,1
COC1:C:C:C(OCC2CN(C)CCC2C2:C:C:C:C:C:2):C:C:1,1,0.926,1
CCNC1=NC(=O)C(C2:C:C:C:C:C:2)O1,1,0.928,1
CC1(C)O[C@@H]2CC3C4C[C@H](F)C5=CC(=O)C=CC5(C)[C@@]4(Cl)C(Cl)CC3(C)[C@]2(C(=O)CO)O1,1,0.942,1
C[C@]12C[C@H](O)[C@@]3(F)[C@@H](CCC4=CC(=O)CC[C@@]43C)[C@@H]1CC[C@]2(O)C(=O)CO,1,0.622,1
CC(=O)OCC(=O)[C@@]1(O)CC[C@H]2[C@@H]3CCC4=CC(=O)CC[C@]4(C)[C@@]3(F)[C@@H](O)C[C@@]21C,1,0.946,1
CC1:C:C2:C(:S:1)=NC1:C:C:C(F):C:C:1NC=2N1CCN(C)CC1,1,0.93,1
COC(OC)C(=O)[C@@]12OC(C)(C)O[C@@H]1CC1C3C[C@H](F)C4=CC(=O)C=CC4(C)[C@@]3(F)C(O)CC12C,1,0.916,1
C[C@H]1C2:C:C:C:C:C:2[C@@H](CCCN(C)C)C2:C:C(C(F)(F)F):C:C:C:21,1,0.914,1
CN1C(=O)C(O)N=C(C2:C:C:C:C:C:2F)C2:C:C(Cl):C:C:C:21,1,0.796,1
CCOC(=O)C1:C:N:C:N:1C(C)C1:C:C:C(F):C:C:1,1,0.804,1
OC(CCCN1CCC2:C(:C3:C:C(F):C:C:C:3:N:2C2:C:C:C(F):C:C:2)C1)C1:C:C:C(F):C:C:1,1,0.744,1
CP(C)(=O)CN1C(=O)CN=C(C2:C:C:C:C:C:2)C2:C:C(Cl):C:C:C:21,1,0.92,1
C/C(=C(/CCO)SSCC1CCCO1)N(C=O)CC1:C:N:C(C):N:C:1N,1,0.666,1
CCC12CCN(CC3CC3)C(CC3:C:C:C(O):C:C:31)C2(C)C,1,0.962,1
FC1:C:C:C2:[NH]:C3:C(:C:2:C:1)CN(CCCC1:C:C:C:N:C:1)CC3,1,0.944,1
C[N+](C)([O-])CCCN1C2:C:C:C:C:C:2CCC2:C:C:C:C:C:21,1,0.92,1
CN[C@@H]1C[C@@H](C2:C:C:C(Cl):C(Cl):C:2)C2:C:C:C:C:C:21.[Cl-].[H+],1,0.932,1
CC1:C:C(C(=O)NNCC2:C:C:C:C:C:2):N:O:1,1,0.898,1
CCC(=O)C1(C2:C:C:C:C(O):C:2)CCN(C)CC1,1,0.84,1
CN(CCCN1C2:C:C:C:C:C:2CCC2:C:C:C:C:C:21)CC(=O)C1:C:C:C(Cl):C:C:1.[Cl-].[H+],1,0.834,1
CN1C(=O)C(O)N=C(C2:C:C:C:C:C:2Cl)C2:C:C(Cl):C:C:C:21,1,0.84,1
CN1CCN(C2=NC3:C:C:C:C:C:3OC3:C:C:C(Cl):C:C:32)CC1,1,0.962,1
CN1C2:C:C(F):C:C:C:2C(C2:C:C:C:C:C:2)=NCC1CNC(=O)C1:C:C:O:C:1,1,0.836,1
C[C@@H]1N=C(C2:C:C:C:C:C:2Cl)C2:C:C([N+](=O)[O-]):C:C:C:2NC1=O,1,0.808,1
CCC1(CC)C(=O)NC(=O)N(C)C1=O,1,0.924,1
CC1:C:C:C2:C(:C:1)C(N1CCN(C)CC1)=NC1:C:C:C:C:C:1S2,1,0.98,1
NC1=NC(C(F)(F)F)(C(F)(F)F)NC1(C(F)(F)F)C(F)(F)F,1,0.706,1
CC1(C2:C:C:C:C:C:2)CC(=O)N(CN2CCOCC2)C1=O,1,0.918,1
COCN1C(=O)CN=C(C2:C:C:C:C:C:2)C2:C:C([N+](=O)[O-]):C:C:C:21,1,0.838,1
CC1=CC(=C2C=CC(=O)C=C2)NN=C1NCCN1CCOCC1,1,0.816,1
CCCCCCCCCCCCCC(=O)O[C@H]1C=C[C@H]2[C@H]3CC4:C:C:C(OCC5:C:C:C:C:C:5):C5:C:4[C@@]2(CCN3C)[C@H]1O5,1,0.626,1
CCCCCC(C)C(C)C1:C:C(OC(=O)CCCN2CCCCCC2):C2:C(:C:1)OC(C)(C)C1=C2CC(C)CC1,1,0.566,1
C[C@]12C[C@H](O)[C@@]3(F)[C@@H](CCC4=CC(=O)C=C[C@@]43C)[C@@H]1C[C@H]1CC3:C:C:C:C:C:3C[C@]12C(=O)CO.O,1,0.852,1
C/C=C\C1O[C@]2(C(=O)COC(=O)C3:C:C:N:C:C:3)CC[C@@]3(O1)[C@@H]1CCC4=CC(=O)CC[C@]4(C)[C@H]1[C@@H](O)C[C@]23C,1,0.782,1
NC(=O)C1:C:C:C:N:C:1,1,0.922,1
CCN(CC)C(=O)C1:C:C:C:N:C:1,1,0.914,1
CN1C(=O)CN=C(C2:C:C:C:C:C:2)C2:C:C([N+](=O)[O-]):C:C:C:21,1,0.91,1
CCCCCCCCCNC1:N:C:N:C2:[NH]:C:C:C:1:2,1,0.822,1
CN(C)CCON=C1C2:C:C:C:C:C:2CCC2:C:C:C:C:C:21,1,0.96,1
CNCCC=C1C2:C:C:C:C:C:2C2CC2C2:C:C:C:C:C:21,1,0.972,1
O=C(NC(=O)C1:C:C:C:C:C:1)NC1CCN(CC2:C:C:C3:C:C:C:C:C:3:C:2)CC1,1,0.818,1
O=C(C1:C:C:C:C:N:1)N1CCN(CC2:C:C:C:C:C:2)CC1,1,0.944,1
CCC[C@]1(C2:C:C:C:C(O):C:2)CCN(C)C[C@@H]1C,1,0.954,1
CN(C)CCC1(C)OCCC2=C1C1:C:C:C:C:C:1C2,1,0.964,1
CC(C)(C)C(=O)OC1N=C(C2:C:C:C:C:C:2)C2:C:C(Cl):C:C:C:2NC1=O,1,0.69,1
C=C1CC2C3CCC4=CC(=O)C=CC4(C)C3C(O)CC2(C)C1(O)C(=O)CO,1,0.46,0
O=C1CN=C(C2:C:C:C:C:C:2F)C2:C:C(Cl):C:C:C:2N1CC(O)CO,1,0.712,1
CC(CN1C(=O)C2:C:C:C:N:C:2NC2:C:C:C:C:C:21)N(C)C,1,0.934,1
CN(C)CCC=C1C2:C:C:C:C:C:2SC2:C:C:C:C:C:21,1,0.994,1
C=CCC1(CC(C)O)C(=O)NC(=O)NC1=O,1,0.658,1
C1:C:C:C2:O:C(C3:C:C:N:C:C:3):C:C:2:C:1,1,0.788,1
OCCOCCN1CCN(C2=NC3:C:C:C:C:C:3SC3:C:C:C:C:C:32)CC1,1,0.936,1
CN(C)CCOC1(CC2:C:C:C:C:C:2)CC2CCC1(C)C2(C)C,1,0.882,1
C#CCN[C@@H]1CCC2:C:C:C:C:C:21,1,0.964,1
CON=C(C#N)C1CN2CCC1CC2,1,0.808,1
CCCCCCN1CCC(C(=O)N(C)CC)(C2:C:C:C:C:C:2)CC1,1,0.954,1
CN1CCC2=C(C1)C1:C:C:C:C:C:1CC1:C:C:C:C:C:12,1,0.984,1
O=C(CCCN1CCC2(CC1)C(=O)NCN2C1:C:C:C:C:C:1)C1:C:C:C(F):C:C:1,1,0.946,1
C/C(=C/CCN1CCC2(CC1)C(=O)NCN2C1:C:C:C:C:C:1)C1:C:C:C(F):C:C:1,1,0.96,1
NS(=O)(=O)C1:C:C:C(N2CCCCS2(=O)=O):C:C:1,1,0.598,1
CCC(=O)N1CCN(C(=O)OC2C3=C(SCCS3)C(=O)N2C2:C:C:C3:C:C:C(Cl):N:C:3:N:2)CC1,1,0.578,1
CN1CCN(C(=O)OC2C3=C(SCCS3)C(=O)N2C2:C:C:C3:C:C:C(Cl):N:C:3:N:2)CC1,1,0.662,1
CN1:C(=O):C2:C(:N:C:N:2CCN2CCC(C3:C:[NH]:C4:C:C:C:C:C:3:4)CC2):N(C):C:1=O,1,0.774,1
CNC1CCC(C2:C:C:C:C:C:2)C2:C:C:C:C:C:21,1,0.958,1
CCCC(CC)C1(CC)C(=O)NC(=O)NC1=O,1,0.798,1
CN(C)C1=NC(=O)C(C2:C:C:C:C:C:2)O1,1,0.934,1
CN1C2:C:C:C:C:C:2C(NCCCCCCC(=O)O)C2:C:C:C(Cl):C:C:2S1(=O)=O,1,0.534,1
S=C1NCCC(COC2:C:C:C:C:C:2)O1,1,0.88,1
CCOC(=O)C1(C2:C:C:C:C:C:2)CCC=CC1N(C)C.[Cl-].[H+],1,0.772,1
CN1CCN2C3:C:C(F):C:C:C:3C(C3:C:C:C:S:3)=NCC2C1,1,0.96,1
CC(CC1:C:C:C:C:C:1)NCCC1C2:C:C:C:C:C:2SC2:C:C:C:C:C:21,1,0.89,1
CC1(C)O[C@@H]2CC3C4C[C@H](F)C5=CC(=O)C=CC5(C)[C@@]4(Cl)[C@@H](Cl)CC3(C)[C@]2(C(=O)CF)O1,1,0.912,1
CC1(C)O[C@@H]2C[C@H]3C4C[C@H](F)C5=CC(=O)C=CC5(C)[C@@]4(Cl)[C@@H](Cl)CC3(C)[C@]2(C(=O)CCl)O1,1,0.886,1
CC(C)[C@H](N)C(=O)OCCOCN1:C:N:C2:C(=O):N:C(N):[NH]:C:2:1,1,0.578,1
CC(C)[C@H](N)C(=O)OCC(CO)OCN1:C:N:C2:C(=O):N:C(N):[NH]:C:2:1,1,0.41,0
COC1:C:C:C(C(CN(C)C)C2(O)CCCCC2):C:C:1,1,0.834,1
CN1CCN(C(=O)OC2C3:N:C:C:N:C:3C(=O)N2C2:C:C:C(Cl):C:N:2)CC1,1,0.624,1
CCC(=O)OC1(C2:C:C:C:C:C:2)CCN(C)CC1C,1,0.95,1
ClC1:C:C:C2:C(:C:1)C(N1CCNCC1)=NC1:C:C:C:C:C:1O2,1,0.948,1
CC1:C:C:C:C2:C:1OC1:C:C:C:C:C:1[C@@]1(O)CCN(C)C[C@@H]21,1,0.954,1
C=CCC1(CC(=C)Br)C(=O)NC(=O)NC1=O,1,0.816,1
C=CCC1(CC(C)C)C(=O)NC(=O)NC1=O,1,0.858,1
CCCCNCC1COC2:C:C:C:C:C:2O1,1,0.924,1
FC1:C:C:C2:[NH]:C3:C(:C:2:C:1)CN(CCC1:C:C:N:C:C:1)CC3,1,0.958,1
O=C1NC(CCCl)OC2:C:C:C:C:C:21,1,0.876,1
CN(C)CCCN1C2:C:C:C:C:C:2CCC2:C:C:C(C#N):C:C:21,1,0.99,1
CN1C(=O)CN2CCC3:C:C:C:C:C:3C2C2:C:C(Cl):C:C:C:21,1,0.978,1
CN1CCC(=C2C3:C:C:C:C:C:3OC3:C:C:C(Cl):C:C:32)CC1,1,0.956,1
CN1CCN(C2=NC3:C:C:C:C:C:3SC3:C:C:C(Cl):C:C:32)CC1,1,0.986,1
NC1CCCC1C1:C:C:C:C:C:1,1,0.97,1
CC1=NC2:C:C:C:C:C:2CC(C2:C:C:C:C:C:2)N1C,1,0.99,1
O=C1CN=C(C2:C:C:C:C:C:2Cl)C2:C:C(Cl):C:C:C:2N1,1,0.978,1
CC1:C:C:C2:C(:C:1)C1CN(C)CCC1N2,1,0.976,1
O=C1C(O)N=C(C2:C:C:C:C:C:2F)C2:C:C(Cl):C:C:C:2N1CCO,1,0.666,1
C=C1C2:C:C:C:C:C:2CN(CCCN(C)C)C2:C:C:C:C:C:21,1,0.99,1
CCOC(=O)C1N=C(C2:C:C:C:C:C:2F)C2:C:C(Cl):C:C:C:2NC1=O,1,0.628,1
FC1:C:C:C:C:C:1C1=NCCN(CC(F)(F)F)C2:C:C:C(Cl):C:C:21,1,0.904,1
CN1C(=O)CN=C(C2:C:C:C:C:C:2F)C2:C:C(Cl):C:C:C:21,1,0.974,1
CN1CCN(C2=NC3:C:C(F):C:C:C:3CC3:C:C:C:C:C:32)CC1,1,0.982,1
O=C(CCCN1CCC2(CC1)C(=O)NCN2C1:C:C:C(F):C:C:1)C1:C:C:C(F):C:C:1,1,0.86,1
CN(C)CCC(C1:C:C:C:C:C:1)C1CCCCC1,1,0.858,1
O=C1CN=C(C2:C:C:C:C:C:2)C2:C:C(Cl):C:C:C:2N1CC(F)(F)F,1,0.898,1
CCC1(C2=CCCCCC2)C(=O)NC(=O)NC1=O,1,0.888,1
CCOC(=O)C1(C2:C:C:C:C(O):C:2)CCN(C)CC1,1,0.762,1
CN(C)CC#CC=C1C2:C:C:C:C:C:2C=CC2:C:C:C:C:C:21,1,0.956,1
CC(C)NNC(=O)C1:C:C:N:C:C:1,1,0.864,1
C=C1CC2C3C=CC4=CC(=O)CCC4(C)C3C(O)CC2(C)[C@@]1(O)C(=O)CO,1,0.494,0
COC1:C:C:C(CCN2CCN(C3:C:C:C:C(Cl):C:3)CC2):C:C:1OC,1,0.938,1
COCC1CN=C(C2:C:C:C:C:C:2Cl)C2:C:C(Br):C:C:C:2N1C,1,0.966,1
CNC1CC2:C:C:C:C:C:2N(C)C2:C:C:C:C:C:21,1,0.944,1
COC(=O)C1:C:N:C:N:1C(C)C1:C:C:C:C:C:1,1,0.818,1
C=CCC1(CC(C)(C)C)C(=O)NC(=O)NC1=O,1,0.846,1
CC1:C:C2:C(:S:1)=NC1:C:C:C:C:C:1NC=2N1CCN(C)CC1,1,0.948,1
NC1:N:C(=O):C2:N:C:N(CCC(CO)CO):C:2:[NH]:1,1,0.532,1
CC(C)CCNCC1COC2:C:C:C:C:C:2O1,1,0.914,1
CN1CCC(=C2C3:C:C:C:C:C:3SC3:C:C:C:C:C:32)CC1,1,0.964,1
CCOC(=O)C1(C2:C:C:C:C:C:2)CCN(CCCNC2:C:C:C:C:C:2)CC1,1,0.92,1
C#CCN1C(=O)CN=C(C2:C:C:C:C:C:2)C2:C:C(Cl):C:C:C:21,1,0.97,1
CCC(=O)OCC(=O)[C@@]12OC(C)(C)O[C@@H]1CC1C3C[C@H](F)C4=CC(=O)C=CC4(C)[C@@]3(F)C(O)CC12C,1,0.99,1
CCCOC(=O)C1:C:N:C:N:1C(C)C1:C:C:C:C:C:1,1,0.824,1
C1:C:C:C2:C(:C:1)CCC1:C:C:C:C:C:1N2C1CN2CCC1CC2,1,0.668,1
CC1:[NH]:N:C2:C:1N(C1:C:C:C:C:C:1)C(=O)CC(=O)N2C,1,0.94,1
CN(C1:N:C2:C:C:C:C:C:2:S:1)C1CCN(CC(O)COC2:C:C:C(F):C:C:2)CC1,1,0.822,1
C=CCC1(C(C)CC)C(=O)NC(=O)NC1=O,1,0.828,1
C1:C:S:C(CC2:C:C:C:C:C:2OCC2CNCCO2):C:1.O=C(O)/C=C\C(=O)O,1,0.538,1
CCCC1(C)COB(C2:C:C:C(C):C:C:2)OC1,1,0.92,1
COC1:C:C:C:C(C(=O)NC2C[C@@H]3CC[C@H](C2)N3CC2:C:C:C:C:C:2):C:1OC,1,0.92,1
CN1C2:C:C:C:C:C:2C(C2:C:C:C:C:C:2Cl)=NCC1(Cl)CO,1,0.902,1
CC/C=C(\C)C1(CC)C(=O)NC(=O)NC1=O,1,0.884,1
C=CC1(C(C)CCC)C(=O)NC(=O)NC1=O,1,0.804,1
CC1:N:N(C):C2:C:1N(C1:C:C:C:C:C:1)C(=O)CC(=O)N2C,1,0.968,1
